trip_code station_no species lgth percent_samp no_a no_f no_m
tan0801 1 HOK 94    100.00           2           2           0
tan0801 1 HOK 92    100.00           2           2           0
tan0801 1 HOK 90    100.00           2           2           0
tan0801 1 HOK 89    100.00           2           2           0
tan0801 1 HOK 88    100.00           2           2           0
tan0801 1 HOK 87    100.00           3           2           1
tan0801 1 HOK 86    100.00           2           1           1
tan0801 1 HOK 85    100.00           3           2           1
tan0801 1 HOK 84    100.00           4           3           1
tan0801 1 HOK 83    100.00           4           2           2
tan0801 1 HOK 82    100.00           6           5           1
tan0801 1 HOK 81    100.00           2           2           0
tan0801 1 HOK 80    100.00           4           4           0
tan0801 1 HOK 79    100.00           3           2           1
tan0801 1 HOK 78    100.00           2           2           0
tan0801 1 HOK 77    100.00           3           2           1
tan0801 1 HOK 76    100.00           5           4           1
tan0801 1 HOK 75    100.00           3           2           1
tan0801 4 HOK 79      9.25           1           1           0
tan0801 4 HOK 73      9.25           1           0           1
tan0801 4 HOK 72      9.25           1           0           1
tan0801 4 HOK 71      9.25           1           0           1
tan0801 4 HOK 70      9.25           2           1           1
tan0801 4 HOK 69      9.25           1           0           1
tan0801 4 HOK 67      9.25           1           0           1
tan0801 4 HOK 65      9.25           1           0           1
tan0801 4 HOK 64      9.25           1           0           1
tan0801 4 HOK 63      9.25           2           1           1
tan0801 4 HOK 62      9.25           1           0           1
tan0801 4 HOK 61      9.25           1           1           0
tan0801 4 HOK 59      9.25           2           1           1
tan0801 4 HOK 58      9.25           2           1           1
tan0801 4 HOK 57      9.25           1           1           0
tan0801 4 HOK 56      9.25           1           1           0
tan0801 4 HOK 55      9.25           6           2           4
tan0801 4 HOK 54      9.25           2           0           2
tan0801 4 HOK 52      9.25           4           1           3
tan0801 4 HOK 51      9.25           1           0           1
tan0801 4 HOK 50      9.25           1           1           0
tan0801 4 HOK 49      9.25           2           0           2
tan0801 4 HOK 46      9.25           2           1           1
tan0801 4 HOK 45      9.25           1           1           0
tan0801 4 HOK 44      9.25           2           1           1
tan0801 4 HOK 43      9.25           7           2           5
tan0801 4 HOK 42      9.25           6           4           2
tan0801 4 HOK 41      9.25          24          13          11
tan0801 4 HOK 40      9.25          42          22          20
tan0801 4 HOK 39      9.25          48          24          24
tan0801 4 HOK 38      9.25          38          18          19
tan0801 4 HOK 37      9.25          24          12          12
tan0801 4 HOK 36      9.25           8           5           3
tan0801 4 HOK 35      9.25           4           0           4
tan0801 4 HOK 34      9.25           2           0           2
tan0801 3 HOK 98    100.00           1           1           0
tan0801 3 HOK 96    100.00           1           1           0
tan0801 3 HOK 95    100.00           1           1           0
tan0801 3 HOK 94    100.00           1           1           0
tan0801 3 HOK 93    100.00           1           1           0
tan0801 3 HOK 92    100.00           1           1           0
tan0801 3 HOK 90    100.00           2           2           0
tan0801 3 HOK 89    100.00           1           1           0
tan0801 3 HOK 88    100.00           1           1           0
tan0801 3 HOK 87    100.00           1           0           1
tan0801 3 HOK 86    100.00           2           2           0
tan0801 3 HOK 85    100.00           4           4           0
tan0801 3 HOK 84    100.00           1           1           0
tan0801 3 HOK 83    100.00           2           2           0
tan0801 3 HOK 82    100.00           2           1           1
tan0801 3 HOK 81    100.00           8           5           3
tan0801 3 HOK 80    100.00           5           5           0
tan0801 3 HOK 79    100.00           1           1           0
tan0801 3 HOK 78    100.00           5           5           0
tan0801 3 HOK 77    100.00           2           2           0
tan0801 3 HOK 76    100.00           1           1           0
tan0801 3 HOK 75    100.00           2           2           0
tan0801 3 HOK 74    100.00           3           3           0
tan0801 3 HOK 73    100.00           1           1           0
tan0801 3 HOK 71    100.00           1           1           0
tan0801 3 HOK 68    100.00           1           1           0
tan0801 6 HOK 84     18.60           1           1           0
tan0801 6 HOK 82     18.60           1           1           0
tan0801 6 HOK 81     18.60           1           1           0
tan0801 6 HOK 79     18.60           1           1           0
tan0801 6 HOK 73     18.60           3           1           2
tan0801 6 HOK 71     18.60           1           1           0
tan0801 6 HOK 70     18.60           1           1           0
tan0801 6 HOK 68     18.60           3           2           1
tan0801 6 HOK 67     18.60           1           0           1
tan0801 6 HOK 66     18.60           1           1           0
tan0801 6 HOK 65     18.60           2           2           0
tan0801 6 HOK 64     18.60           3           3           0
tan0801 6 HOK 63     18.60           5           1           4
tan0801 6 HOK 62     18.60           2           2           0
tan0801 6 HOK 61     18.60           2           1           1
tan0801 6 HOK 60     18.60           2           0           2
tan0801 6 HOK 59     18.60           8           4           4
tan0801 6 HOK 58     18.60           2           2           0
tan0801 6 HOK 57     18.60           5           2           3
tan0801 6 HOK 56     18.60           9           5           4
tan0801 6 HOK 55     18.60          10           2           8
tan0801 6 HOK 54     18.60           9           3           6
tan0801 6 HOK 53     18.60           9           3           6
tan0801 6 HOK 52     18.60           3           1           2
tan0801 6 HOK 51     18.60           2           0           2
tan0801 6 HOK 50     18.60           1           0           1
tan0801 6 HOK 47     18.60           3           0           3
tan0801 6 HOK 46     18.60           3           2           1
tan0801 6 HOK 45     18.60          10           5           5
tan0801 6 HOK 44     18.60          10           6           4
tan0801 6 HOK 43     18.60          11           9           2
tan0801 6 HOK 42     18.60          17          11           6
tan0801 6 HOK 41     18.60           7           5           2
tan0801 6 HOK 40     18.60           6           5           1
tan0801 6 HOK 39     18.60           4           3           1
tan0801 6 HOK 38     18.60           5           4           1
tan0801 6 HOK 37     18.60           2           0           2
tan0801 2 HOK 67    100.00           1           1           0
tan0801 2 HOK 69    100.00           1           1           0
tan0801 2 HOK 70    100.00           6           4           2
tan0801 2 HOK 71    100.00           1           0           1
tan0801 2 HOK 72    100.00           9           7           2
tan0801 2 HOK 73    100.00           7           7           0
tan0801 2 HOK 74    100.00           6           5           0
tan0801 2 HOK 75    100.00           9           6           3
tan0801 2 HOK 76    100.00           9           9           0
tan0801 2 HOK 77    100.00           6           5           1
tan0801 2 HOK 78    100.00           5           4           1
tan0801 2 HOK 79    100.00           8           5           3
tan0801 2 HOK 80    100.00           5           3           2
tan0801 2 HOK 81    100.00           7           6           1
tan0801 2 HOK 82    100.00           2           2           0
tan0801 2 HOK 84    100.00           3           3           0
tan0801 2 HOK 85    100.00           5           3           2
tan0801 2 HOK 86    100.00           2           2           0
tan0801 2 HOK 87    100.00           1           1           0
tan0801 2 HOK 88    100.00           1           1           0
tan0801 2 HOK 89    100.00           2           2           0
tan0801 2 HOK 91    100.00           2           2           0
tan0801 2 HOK 92    100.00           1           1           0
tan0801 2 HOK 94    100.00           1           1           0
tan0801 2 HOK 95    100.00           2           2           0
tan0801 2 HOK 98    100.00           1           1           0
tan0801 2 HOK 99    100.00           2           2           0
tan0801 7 HOK 88     45.46           1           1           0
tan0801 7 HOK 85     45.46           1           1           0
tan0801 7 HOK 83     45.46           1           1           0
tan0801 7 HOK 79     45.46           1           1           0
tan0801 7 HOK 78     45.46           1           1           0
tan0801 7 HOK 77     45.46           2           2           0
tan0801 7 HOK 76     45.46           1           1           0
tan0801 7 HOK 75     45.46           4           1           3
tan0801 7 HOK 74     45.46           4           4           0
tan0801 7 HOK 73     45.46           2           1           1
tan0801 7 HOK 72     45.46           5           2           3
tan0801 7 HOK 71     45.46           3           1           2
tan0801 7 HOK 70     45.46           8           3           5
tan0801 7 HOK 69     45.46           9           5           4
tan0801 7 HOK 68     45.46          12           7           5
tan0801 7 HOK 67     45.46          24           8          16
tan0801 7 HOK 66     45.46          26          13          13
tan0801 7 HOK 65     45.46          14           7           7
tan0801 7 HOK 64     45.46          18           7          11
tan0801 7 HOK 63     45.46          14           6           8
tan0801 7 HOK 62     45.46          13           7           6
tan0801 7 HOK 61     45.46           5           3           2
tan0801 7 HOK 60     45.46          10           5           5
tan0801 7 HOK 59     45.46           8           5           3
tan0801 7 HOK 58     45.46           7           4           3
tan0801 7 HOK 57     45.46           2           1           1
tan0801 7 HOK 56     45.46           2           1           1
tan0801 7 HOK 55     45.46           5           2           3
tan0801 8 HOK 86     19.03           1           1           0
tan0801 8 HOK 84     19.03           1           1           0
tan0801 8 HOK 82     19.03           1           1           0
tan0801 8 HOK 81     19.03           1           1           0
tan0801 8 HOK 79     19.03           1           1           0
tan0801 8 HOK 77     19.03           1           1           0
tan0801 8 HOK 75     19.03           2           2           0
tan0801 8 HOK 74     19.03           1           0           1
tan0801 8 HOK 73     19.03           3           1           2
tan0801 8 HOK 72     19.03           7           5           2
tan0801 8 HOK 71     19.03           5           2           3
tan0801 8 HOK 70     19.03          11           6           5
tan0801 8 HOK 69     19.03          10           4           6
tan0801 8 HOK 68     19.03          16           4          12
tan0801 8 HOK 67     19.03          21          11          10
tan0801 8 HOK 66     19.03          24          15           9
tan0801 8 HOK 65     19.03          23          11          12
tan0801 8 HOK 64     19.03          17           9           8
tan0801 8 HOK 63     19.03          10           7           3
tan0801 8 HOK 62     19.03          12           8           4
tan0801 8 HOK 61     19.03          10           8           2
tan0801 8 HOK 60     19.03           8           4           4
tan0801 8 HOK 59     19.03           4           3           1
tan0801 8 HOK 58     19.03           6           3           3
tan0801 8 HOK 57     19.03           5           3           2
tan0801 8 HOK 56     19.03           2           2           0
tan0801 8 HOK 55     19.03           1           0           1
tan0801 8 HOK 54     19.03           2           1           1
tan0801 8 HOK 53     19.03           1           1           0
tan0801 9 HOK 40    100.00           1           1           0
tan0801 9 HOK 42    100.00           2           1           1
tan0801 9 HOK 44    100.00           2           1           1
tan0801 9 HOK 45    100.00           1           1           0
tan0801 9 HOK 46    100.00           1           0           1
tan0801 9 HOK 47    100.00           1           0           1
tan0801 9 HOK 49    100.00           1           1           0
tan0801 9 HOK 50    100.00           1           0           1
tan0801 9 HOK 52    100.00           5           0           5
tan0801 9 HOK 53    100.00           6           4           2
tan0801 9 HOK 54    100.00          13           4           9
tan0801 9 HOK 55    100.00          17           4          13
tan0801 9 HOK 56    100.00          27          13          14
tan0801 9 HOK 57    100.00          15           8           7
tan0801 9 HOK 58    100.00          16           5          11
tan0801 9 HOK 59    100.00           9           3           6
tan0801 9 HOK 60    100.00           7           4           3
tan0801 9 HOK 61    100.00           6           3           3
tan0801 9 HOK 62    100.00           9           3           6
tan0801 9 HOK 63    100.00           7           1           6
tan0801 9 HOK 64    100.00           7           2           5
tan0801 9 HOK 65    100.00           8           4           4
tan0801 9 HOK 66    100.00          17           5          12
tan0801 9 HOK 67    100.00          10           3           7
tan0801 9 HOK 68    100.00           8           6           2
tan0801 9 HOK 69    100.00          13           5           8
tan0801 9 HOK 70    100.00           7           3           4
tan0801 9 HOK 71    100.00           3           3           0
tan0801 9 HOK 72    100.00           4           3           1
tan0801 9 HOK 73    100.00           2           1           1
tan0801 9 HOK 74    100.00           2           0           2
tan0801 9 HOK 75    100.00           4           2           2
tan0801 9 HOK 76    100.00           1           0           1
tan0801 9 HOK 77    100.00           6           3           3
tan0801 9 HOK 78    100.00           4           3           1
tan0801 9 HOK 79    100.00           2           2           0
tan0801 9 HOK 80    100.00           4           4           0
tan0801 9 HOK 84    100.00           1           1           0
tan0801 9 HOK 85    100.00           4           4           0
tan0801 9 HOK 86    100.00           2           2           0
tan0801 9 HOK 87    100.00           1           1           0
tan0801 9 HOK 89    100.00           1           1           0
tan0801 9 HOK 90    100.00           1           1           0
tan0801 9 HOK 91    100.00           1           1           0
tan0801 9 HOK 104    100.00           1           1           0
tan0801 10 HOK 45     23.83           1           1           0
tan0801 10 HOK 46     23.83           1           1           0
tan0801 10 HOK 51     23.83           1           0           1
tan0801 10 HOK 52     23.83           3           0           3
tan0801 10 HOK 53     23.83           5           3           2
tan0801 10 HOK 54     23.83           9           6           3
tan0801 10 HOK 55     23.83          15          10           5
tan0801 10 HOK 56     23.83          15           7           8
tan0801 10 HOK 57     23.83          14           8           6
tan0801 10 HOK 58     23.83          11           7           4
tan0801 10 HOK 59     23.83          17          12           5
tan0801 10 HOK 60     23.83           6           3           3
tan0801 10 HOK 61     23.83          14           6           8
tan0801 10 HOK 62     23.83           7           5           2
tan0801 10 HOK 63     23.83          12           3           9
tan0801 10 HOK 64     23.83          15           7           8
tan0801 10 HOK 65     23.83          10           5           5
tan0801 10 HOK 66     23.83          10           5           5
tan0801 10 HOK 67     23.83          10           8           2
tan0801 10 HOK 68     23.83           9           8           1
tan0801 10 HOK 69     23.83           4           3           1
tan0801 10 HOK 70     23.83           2           0           2
tan0801 10 HOK 71     23.83           3           2           1
tan0801 10 HOK 72     23.83           2           0           2
tan0801 10 HOK 73     23.83           3           2           1
tan0801 10 HOK 74     23.83           2           2           0
tan0801 10 HOK 76     23.83           2           1           1
tan0801 10 HOK 78     23.83           1           0           1
tan0801 10 HOK 80     23.83           2           1           1
tan0801 10 HOK 81     23.83           1           1           0
tan0801 10 HOK 83     23.83           1           0           1
tan0801 10 HOK 95     23.83           1           1           0
tan0801 11 HOK 38     73.70           2           1           1
tan0801 11 HOK 39     73.70           1           1           0
tan0801 11 HOK 40     73.70          10           5           5
tan0801 11 HOK 41     73.70          11           6           5
tan0801 11 HOK 42     73.70          16           9           7
tan0801 11 HOK 43     73.70          19          10           9
tan0801 11 HOK 44     73.70          11           6           5
tan0801 11 HOK 45     73.70          10           4           6
tan0801 11 HOK 46     73.70           6           6           0
tan0801 11 HOK 47     73.70           3           1           2
tan0801 11 HOK 48     73.70           1           0           1
tan0801 11 HOK 49     73.70           1           0           1
tan0801 11 HOK 50     73.70           2           0           2
tan0801 11 HOK 51     73.70           8           3           5
tan0801 11 HOK 52     73.70          15           3          12
tan0801 11 HOK 53     73.70          15           6           9
tan0801 11 HOK 54     73.70          32           8          24
tan0801 11 HOK 55     73.70          20           5          15
tan0801 11 HOK 56     73.70          13           7           6
tan0801 11 HOK 57     73.70          14           3          11
tan0801 11 HOK 58     73.70          10           6           4
tan0801 11 HOK 59     73.70           8           4           4
tan0801 11 HOK 60     73.70           1           0           1
tan0801 11 HOK 61     73.70           5           2           3
tan0801 11 HOK 62     73.70           3           0           3
tan0801 11 HOK 63     73.70           3           0           3
tan0801 11 HOK 64     73.70           2           0           2
tan0801 11 HOK 65     73.70           3           0           3
tan0801 11 HOK 66     73.70           2           0           2
tan0801 11 HOK 67     73.70           1           0           1
tan0801 11 HOK 68     73.70           2           1           1
tan0801 11 HOK 69     73.70           3           2           1
tan0801 11 HOK 75     73.70           1           1           0
tan0801 11 HOK 76     73.70           2           1           1
tan0801 11 HOK 78     73.70           2           1           1
tan0801 11 HOK 81     73.70           1           1           0
tan0801 11 HOK 83     73.70           1           0           1
tan0801 11 HOK 86     73.70           1           1           0
tan0801 11 HOK 91     73.70           1           1           0
tan0801 11 HOK 92     73.70           1           0           1
tan0801 11 HOK 93     73.70           3           0           3
tan0801 11 HOK 97     73.70           1           1           0
tan0801 12 HOK 91     60.74           1           1           0
tan0801 12 HOK 85     60.74           1           0           1
tan0801 12 HOK 83     60.74           4           3           1
tan0801 12 HOK 82     60.74           1           0           1
tan0801 12 HOK 81     60.74           1           0           1
tan0801 12 HOK 80     60.74           1           1           0
tan0801 12 HOK 79     60.74           4           2           2
tan0801 12 HOK 76     60.74           4           2           2
tan0801 12 HOK 75     60.74           3           1           2
tan0801 12 HOK 74     60.74           2           0           2
tan0801 12 HOK 73     60.74           7           4           3
tan0801 12 HOK 72     60.74           5           2           3
tan0801 12 HOK 71     60.74           6           3           3
tan0801 12 HOK 70     60.74          11           4           7
tan0801 12 HOK 69     60.74           9           5           4
tan0801 12 HOK 68     60.74           3           3           0
tan0801 12 HOK 67     60.74           8           2           6
tan0801 12 HOK 66     60.74          12           4           8
tan0801 12 HOK 65     60.74          16           7           9
tan0801 12 HOK 64     60.74           9           3           6
tan0801 12 HOK 63     60.74           7           2           5
tan0801 12 HOK 62     60.74           5           1           4
tan0801 12 HOK 61     60.74           5           2           3
tan0801 12 HOK 60     60.74           5           2           3
tan0801 12 HOK 59     60.74           8           5           3
tan0801 12 HOK 58     60.74           5           5           0
tan0801 12 HOK 57     60.74          13           8           5
tan0801 12 HOK 56     60.74          11           3           8
tan0801 12 HOK 55     60.74           8           2           6
tan0801 12 HOK 54     60.74          14           8           6
tan0801 12 HOK 53     60.74          12           4           8
tan0801 12 HOK 52     60.74           6           1           5
tan0801 12 HOK 51     60.74           3           2           1
tan0801 12 HOK 46     60.74           3           1           2
tan0801 12 HOK 45     60.74           1           1           0
tan0801 12 HOK 44     60.74           3           1           2
tan0801 12 HOK 43     60.74           1           0           1
tan0801 12 HOK 42     60.74           4           2           2
tan0801 13 HOK 41      9.44           4           3           1
tan0801 13 HOK 42      9.44           7           3           4
tan0801 13 HOK 43      9.44           3           3           0
tan0801 13 HOK 44      9.44           2           0           2
tan0801 13 HOK 45      9.44           1           1           0
tan0801 13 HOK 52      9.44           4           2           2
tan0801 13 HOK 53      9.44           6           3           3
tan0801 13 HOK 54      9.44           5           1           4
tan0801 13 HOK 55      9.44          12           6           6
tan0801 13 HOK 56      9.44          12           4           8
tan0801 13 HOK 57      9.44           6           4           2
tan0801 13 HOK 59      9.44           3           2           1
tan0801 13 HOK 60      9.44           1           0           1
tan0801 13 HOK 61      9.44           3           1           2
tan0801 13 HOK 62      9.44           4           1           3
tan0801 13 HOK 63      9.44           3           1           2
tan0801 13 HOK 64      9.44           7           3           4
tan0801 13 HOK 65      9.44           2           0           2
tan0801 13 HOK 67      9.44           2           1           1
tan0801 13 HOK 68      9.44           5           3           2
tan0801 13 HOK 69      9.44           5           2           3
tan0801 13 HOK 70      9.44           2           1           1
tan0801 13 HOK 71      9.44           1           0           1
tan0801 13 HOK 72      9.44           5           1           4
tan0801 13 HOK 73      9.44           1           1           0
tan0801 13 HOK 75      9.44           1           1           0
tan0801 13 HOK 77      9.44           1           1           0
tan0801 13 HOK 84      9.44           2           2           0
tan0801 13 HOK 85      9.44           1           1           0
tan0801 14 HOK 103     18.00           1           1           0
tan0801 14 HOK 95     18.00           1           1           0
tan0801 14 HOK 90     18.00           1           0           1
tan0801 14 HOK 79     18.00           1           1           0
tan0801 14 HOK 74     18.00           2           2           0
tan0801 14 HOK 73     18.00           2           1           1
tan0801 14 HOK 72     18.00           2           1           1
tan0801 14 HOK 71     18.00           6           3           3
tan0801 14 HOK 70     18.00           4           2           2
tan0801 14 HOK 69     18.00           7           4           3
tan0801 14 HOK 68     18.00           3           3           0
tan0801 14 HOK 67     18.00           4           3           1
tan0801 14 HOK 66     18.00           5           4           1
tan0801 14 HOK 65     18.00           2           2           0
tan0801 14 HOK 64     18.00           6           5           1
tan0801 14 HOK 63     18.00           2           1           1
tan0801 14 HOK 62     18.00           4           3           1
tan0801 14 HOK 61     18.00           1           1           0
tan0801 14 HOK 60     18.00           2           2           0
tan0801 14 HOK 59     18.00           6           1           5
tan0801 14 HOK 58     18.00           8           6           2
tan0801 14 HOK 57     18.00          14           9           5
tan0801 14 HOK 56     18.00          23          10          13
tan0801 14 HOK 55     18.00          12           4           8
tan0801 14 HOK 54     18.00          13           9           4
tan0801 14 HOK 53     18.00          10           5           5
tan0801 14 HOK 52     18.00           9           0           9
tan0801 14 HOK 50     18.00           1           0           1
tan0801 14 HOK 49     18.00           1           0           1
tan0801 14 HOK 48     18.00           4           3           1
tan0801 14 HOK 47     18.00           2           2           0
tan0801 14 HOK 46     18.00          11           7           4
tan0801 14 HOK 45     18.00          12          10           2
tan0801 14 HOK 44     18.00          11           6           4
tan0801 14 HOK 43     18.00          15          11           4
tan0801 14 HOK 42     18.00          14           4          10
tan0801 14 HOK 41     18.00           7           5           2
tan0801 14 HOK 40     18.00           1           1           0
tan0801 14 HOK 38     18.00           2           1           1
tan0801 14 HOK 37     18.00           1           0           1
tan0801 15 HOK 39     86.32           1           1           0
tan0801 15 HOK 42     86.32           1           1           0
tan0801 15 HOK 43     86.32           1           1           0
tan0801 15 HOK 44     86.32           3           1           2
tan0801 15 HOK 45     86.32           1           0           1
tan0801 15 HOK 46     86.32           1           0           1
tan0801 15 HOK 48     86.32           1           1           0
tan0801 15 HOK 49     86.32           1           0           1
tan0801 15 HOK 51     86.32           2           0           2
tan0801 15 HOK 52     86.32           2           1           1
tan0801 15 HOK 53     86.32          11           6           5
tan0801 15 HOK 54     86.32          15          10           5
tan0801 15 HOK 55     86.32          19           8          11
tan0801 15 HOK 56     86.32          19           6          13
tan0801 15 HOK 57     86.32          35          24          11
tan0801 15 HOK 58     86.32           9           7           2
tan0801 15 HOK 59     86.32           4           4           0
tan0801 15 HOK 60     86.32           1           0           1
tan0801 15 HOK 61     86.32           5           2           3
tan0801 15 HOK 62     86.32           8           1           7
tan0801 15 HOK 63     86.32           6           3           3
tan0801 15 HOK 64     86.32           9           5           4
tan0801 15 HOK 65     86.32           6           4           2
tan0801 15 HOK 66     86.32           7           4           3
tan0801 15 HOK 67     86.32           7           1           6
tan0801 15 HOK 68     86.32           6           1           5
tan0801 15 HOK 69     86.32           4           2           2
tan0801 15 HOK 70     86.32           3           3           0
tan0801 15 HOK 71     86.32           6           5           1
tan0801 15 HOK 72     86.32           3           0           3
tan0801 15 HOK 73     86.32           2           1           1
tan0801 15 HOK 74     86.32           4           3           1
tan0801 15 HOK 75     86.32           1           0           1
tan0801 15 HOK 76     86.32           1           1           0
tan0801 15 HOK 77     86.32           4           3           1
tan0801 15 HOK 78     86.32           3           2           1
tan0801 15 HOK 79     86.32           1           1           0
tan0801 15 HOK 80     86.32           2           1           1
tan0801 15 HOK 81     86.32           1           1           0
tan0801 15 HOK 82     86.32           2           1           1
tan0801 15 HOK 83     86.32           1           1           0
tan0801 15 HOK 84     86.32           1           1           0
tan0801 15 HOK 85     86.32           1           1           0
tan0801 15 HOK 86     86.32           2           2           0
tan0801 15 HOK 88     86.32           2           2           0
tan0801 15 HOK 92     86.32           1           1           0
tan0801 18 HOK 88     30.10           1           1           0
tan0801 18 HOK 84     30.10           1           1           0
tan0801 18 HOK 82     30.10           1           1           0
tan0801 18 HOK 79     30.10           1           1           0
tan0801 18 HOK 78     30.10           2           1           1
tan0801 18 HOK 77     30.10           1           0           1
tan0801 18 HOK 74     30.10           1           1           0
tan0801 18 HOK 73     30.10           2           2           0
tan0801 18 HOK 72     30.10           2           1           1
tan0801 18 HOK 71     30.10           3           1           2
tan0801 18 HOK 69     30.10           3           1           2
tan0801 18 HOK 68     30.10           2           1           1
tan0801 18 HOK 67     30.10           2           0           2
tan0801 18 HOK 66     30.10           3           2           1
tan0801 18 HOK 65     30.10           3           0           3
tan0801 18 HOK 64     30.10           4           1           3
tan0801 18 HOK 63     30.10           1           0           1
tan0801 18 HOK 62     30.10           3           1           2
tan0801 18 HOK 60     30.10           1           1           0
tan0801 18 HOK 59     30.10           2           1           1
tan0801 18 HOK 58     30.10           5           5           0
tan0801 18 HOK 57     30.10           2           0           2
tan0801 18 HOK 56     30.10           2           1           1
tan0801 18 HOK 55     30.10           6           4           2
tan0801 18 HOK 54     30.10           3           0           3
tan0801 18 HOK 53     30.10           3           1           2
tan0801 18 HOK 52     30.10           1           0           1
tan0801 18 HOK 51     30.10           2           0           2
tan0801 18 HOK 49     30.10           1           0           1
tan0801 18 HOK 47     30.10           3           2           1
tan0801 18 HOK 46     30.10           6           4           2
tan0801 18 HOK 45     30.10          12           7           5
tan0801 18 HOK 44     30.10          20          13           7
tan0801 18 HOK 43     30.10          30          15          15
tan0801 18 HOK 42     30.10          40          21          19
tan0801 18 HOK 41     30.10          30          11          19
tan0801 18 HOK 40     30.10          14           7           7
tan0801 18 HOK 39     30.10          25           6          19
tan0801 18 HOK 38     30.10          12           4           8
tan0801 18 HOK 37     30.10           1           0           1
tan0801 18 HOK 36     30.10           1           1           0
tan0801 17 HOK 37     29.54           1           1           0
tan0801 17 HOK 38     29.54           4           2           2
tan0801 17 HOK 39     29.54          10           4           6
tan0801 17 HOK 40     29.54          20          13           7
tan0801 17 HOK 41     29.54          25          13          12
tan0801 17 HOK 42     29.54          20          10          10
tan0801 17 HOK 43     29.54           9           7           2
tan0801 17 HOK 44     29.54          11           4           7
tan0801 17 HOK 45     29.54           4           3           1
tan0801 17 HOK 46     29.54           2           1           1
tan0801 17 HOK 48     29.54           1           1           0
tan0801 17 HOK 51     29.54           1           0           1
tan0801 17 HOK 54     29.54           6           2           4
tan0801 17 HOK 55     29.54           8           4           4
tan0801 17 HOK 56     29.54          13           9           4
tan0801 17 HOK 57     29.54           8           5           3
tan0801 17 HOK 58     29.54           4           2           2
tan0801 17 HOK 59     29.54           6           2           4
tan0801 17 HOK 60     29.54           2           1           1
tan0801 17 HOK 62     29.54           2           0           2
tan0801 17 HOK 63     29.54           2           2           0
tan0801 17 HOK 64     29.54           3           2           1
tan0801 17 HOK 65     29.54           6           4           2
tan0801 17 HOK 66     29.54           2           0           2
tan0801 17 HOK 67     29.54           4           1           3
tan0801 17 HOK 68     29.54           4           1           3
tan0801 17 HOK 69     29.54           8           4           4
tan0801 17 HOK 70     29.54           4           3           1
tan0801 17 HOK 71     29.54           3           1           2
tan0801 17 HOK 72     29.54           3           3           0
tan0801 17 HOK 73     29.54           1           1           0
tan0801 17 HOK 74     29.54           1           1           0
tan0801 17 HOK 76     29.54           2           2           0
tan0801 17 HOK 77     29.54           2           2           0
tan0801 17 HOK 79     29.54           2           1           1
tan0801 17 HOK 81     29.54           2           2           0
tan0801 17 HOK 82     29.54           1           1           0
tan0801 17 HOK 90     29.54           1           1           0
tan0801 19 HOK 92     37.90           2           2           0
tan0801 19 HOK 85     37.90           1           1           0
tan0801 19 HOK 83     37.90           1           1           0
tan0801 19 HOK 81     37.90           1           1           0
tan0801 19 HOK 80     37.90           3           1           2
tan0801 19 HOK 79     37.90           2           1           1
tan0801 19 HOK 75     37.90           2           1           1
tan0801 19 HOK 74     37.90           4           1           3
tan0801 19 HOK 73     37.90           2           1           1
tan0801 19 HOK 72     37.90           3           3           0
tan0801 19 HOK 71     37.90           2           1           1
tan0801 19 HOK 70     37.90          10           6           4
tan0801 19 HOK 69     37.90           4           2           2
tan0801 19 HOK 68     37.90           5           2           3
tan0801 19 HOK 67     37.90           6           1           5
tan0801 19 HOK 66     37.90           6           2           4
tan0801 19 HOK 65     37.90           9           2           7
tan0801 19 HOK 64     37.90           1           1           0
tan0801 19 HOK 63     37.90           2           0           2
tan0801 19 HOK 62     37.90           3           1           2
tan0801 19 HOK 60     37.90           4           1           3
tan0801 19 HOK 59     37.90           1           0           1
tan0801 19 HOK 58     37.90           3           2           1
tan0801 19 HOK 57     37.90           6           3           3
tan0801 19 HOK 56     37.90          16           9           7
tan0801 19 HOK 55     37.90           8           4           4
tan0801 19 HOK 54     37.90           5           2           3
tan0801 19 HOK 53     37.90           4           0           4
tan0801 19 HOK 52     37.90           4           2           2
tan0801 19 HOK 51     37.90           4           2           2
tan0801 19 HOK 49     37.90           1           1           0
tan0801 19 HOK 48     37.90           1           0           1
tan0801 19 HOK 47     37.90           2           2           0
tan0801 19 HOK 46     37.90           9           5           4
tan0801 19 HOK 45     37.90          11           5           6
tan0801 19 HOK 44     37.90          15           5          10
tan0801 19 HOK 43     37.90          17          12           5
tan0801 19 HOK 42     37.90          29          18          11
tan0801 19 HOK 41     37.90          13           8           5
tan0801 19 HOK 40     37.90           9           5           4
tan0801 19 HOK 39     37.90           4           2           2
tan0801 20 HOK 88    100.00           3           3           0
tan0801 20 HOK 85    100.00           3           3           0
tan0801 20 HOK 84    100.00           2           2           0
tan0801 20 HOK 83    100.00           1           1           0
tan0801 20 HOK 82    100.00           1           1           0
tan0801 20 HOK 81    100.00           1           1           0
tan0801 20 HOK 80    100.00           1           1           0
tan0801 20 HOK 79    100.00           1           0           1
tan0801 20 HOK 78    100.00           1           0           1
tan0801 20 HOK 73    100.00           3           2           1
tan0801 20 HOK 72    100.00           1           0           1
tan0801 20 HOK 71    100.00           4           3           1
tan0801 20 HOK 70    100.00           1           0           1
tan0801 20 HOK 68    100.00           4           2           2
tan0801 20 HOK 67    100.00           4           0           4
tan0801 20 HOK 66    100.00          12           5           7
tan0801 20 HOK 65    100.00          11           5           6
tan0801 20 HOK 64    100.00           7           3           4
tan0801 20 HOK 63    100.00           5           2           3
tan0801 20 HOK 62    100.00           2           1           1
tan0801 20 HOK 61    100.00           6           4           2
tan0801 20 HOK 60    100.00           5           4           1
tan0801 20 HOK 59    100.00           8           6           2
tan0801 20 HOK 58    100.00          10           8           2
tan0801 20 HOK 57    100.00          16           9           7
tan0801 20 HOK 56    100.00          14           8           6
tan0801 20 HOK 55    100.00          12           8           4
tan0801 20 HOK 54    100.00           5           2           3
tan0801 20 HOK 53    100.00           1           0           1
tan0801 20 HOK 44    100.00           1           1           0
tan0801 21 HOK 98     85.77           2           2           0
tan0801 21 HOK 95     85.77           1           1           0
tan0801 21 HOK 94     85.77           2           2           0
tan0801 21 HOK 92     85.77           1           1           0
tan0801 21 HOK 90     85.77           1           1           0
tan0801 21 HOK 88     85.77           1           1           0
tan0801 21 HOK 85     85.77           1           1           0
tan0801 21 HOK 80     85.77           1           1           0
tan0801 21 HOK 78     85.77           2           1           1
tan0801 21 HOK 76     85.77           2           1           1
tan0801 21 HOK 74     85.77           1           1           0
tan0801 21 HOK 73     85.77           3           1           2
tan0801 21 HOK 71     85.77           1           0           1
tan0801 21 HOK 70     85.77           3           2           1
tan0801 21 HOK 69     85.77           2           0           2
tan0801 21 HOK 68     85.77           8           6           2
tan0801 21 HOK 67     85.77           6           3           3
tan0801 21 HOK 66     85.77          12           8           4
tan0801 21 HOK 65     85.77          11           4           7
tan0801 21 HOK 64     85.77          16           9           7
tan0801 21 HOK 63     85.77          12           6           6
tan0801 21 HOK 62     85.77           8           3           5
tan0801 21 HOK 61     85.77           6           5           1
tan0801 21 HOK 60     85.77           8           3           5
tan0801 21 HOK 59     85.77          17          10           7
tan0801 21 HOK 58     85.77          25          17           8
tan0801 21 HOK 57     85.77          30          15          15
tan0801 21 HOK 56     85.77          29          22           7
tan0801 21 HOK 55     85.77          13           8           5
tan0801 21 HOK 54     85.77           4           3           1
tan0801 21 HOK 53     85.77           2           1           1
tan0801 21 HOK 52     85.77           1           1           0
tan0801 21 HOK 51     85.77           1           0           1
tan0801 22 HOK 52    100.00           1           1           0
tan0801 22 HOK 54    100.00           1           1           0
tan0801 22 HOK 55    100.00           3           1           2
tan0801 22 HOK 56    100.00           8           5           3
tan0801 22 HOK 57    100.00          10           6           4
tan0801 22 HOK 58    100.00          13           9           4
tan0801 22 HOK 59    100.00          16          13           3
tan0801 22 HOK 60    100.00           8           7           1
tan0801 22 HOK 61    100.00           6           6           0
tan0801 22 HOK 62    100.00          12           7           5
tan0801 22 HOK 63    100.00          14           6           8
tan0801 22 HOK 64    100.00          20          12           8
tan0801 22 HOK 65    100.00          14           7           7
tan0801 22 HOK 66    100.00          19           9          10
tan0801 22 HOK 67    100.00          17          11           6
tan0801 22 HOK 68    100.00          12           7           5
tan0801 22 HOK 69    100.00           9           4           5
tan0801 22 HOK 70    100.00           6           1           5
tan0801 22 HOK 71    100.00           6           5           1
tan0801 22 HOK 72    100.00           2           1           1
tan0801 22 HOK 73    100.00           2           2           0
tan0801 22 HOK 74    100.00           3           2           1
tan0801 22 HOK 75    100.00           1           1           0
tan0801 22 HOK 76    100.00           1           1           0
tan0801 22 HOK 78    100.00           1           1           0
tan0801 22 HOK 79    100.00           2           2           0
tan0801 22 HOK 80    100.00           1           1           0
tan0801 22 HOK 87    100.00           2           2           0
tan0801 22 HOK 89    100.00           1           1           0
tan0801 22 HOK 96    100.00           1           1           0
tan0801 22 HOK 98    100.00           1           1           0
tan0801 22 HOK 107    100.00           1           1           0
tan0801 24 HOK 92    100.00           1           1           0
tan0801 24 HOK 91    100.00           1           1           0
tan0801 24 HOK 88    100.00           1           1           0
tan0801 24 HOK 86    100.00           3           3           0
tan0801 24 HOK 85    100.00           2           2           0
tan0801 24 HOK 83    100.00           3           3           0
tan0801 24 HOK 82    100.00           4           3           1
tan0801 24 HOK 81    100.00           4           4           0
tan0801 24 HOK 80    100.00           2           0           2
tan0801 24 HOK 78    100.00           2           2           0
tan0801 24 HOK 77    100.00           2           1           1
tan0801 24 HOK 76    100.00           2           1           1
tan0801 24 HOK 75    100.00           1           1           0
tan0801 24 HOK 73    100.00           2           2           0
tan0801 24 HOK 72    100.00           2           2           0
tan0801 24 HOK 71    100.00           6           2           4
tan0801 24 HOK 70    100.00           3           3           0
tan0801 24 HOK 69    100.00           4           4           0
tan0801 24 HOK 68    100.00           2           1           1
tan0801 24 HOK 67    100.00           3           3           0
tan0801 24 HOK 66    100.00           1           1           0
tan0801 24 HOK 65    100.00           1           0           1
tan0801 24 HOK 64    100.00           2           1           1
tan0801 25 HOK 69    100.00           1           1           0
tan0801 25 HOK 70    100.00           1           0           1
tan0801 25 HOK 72    100.00           1           1           0
tan0801 25 HOK 73    100.00           3           2           1
tan0801 25 HOK 74    100.00           7           4           3
tan0801 25 HOK 75    100.00           2           2           0
tan0801 25 HOK 76    100.00           3           3           0
tan0801 25 HOK 80    100.00           1           1           0
tan0801 25 HOK 81    100.00           3           3           0
tan0801 25 HOK 82    100.00           2           2           0
tan0801 25 HOK 83    100.00           2           2           0
tan0801 25 HOK 85    100.00           1           1           0
tan0801 25 HOK 86    100.00           3           3           0
tan0801 25 HOK 87    100.00           1           1           0
tan0801 25 HOK 89    100.00           1           1           0
tan0801 25 HOK 90    100.00           1           1           0
tan0801 25 HOK 94    100.00           1           1           0
tan0801 25 HOK 96    100.00           2           2           0
tan0801 25 HOK 99    100.00           1           1           0
tan0801 25 HOK 112    100.00           1           1           0
tan0801 26 HOK 52     65.26           1           1           0
tan0801 26 HOK 55     65.26           2           2           0
tan0801 26 HOK 56     65.26           3           1           2
tan0801 26 HOK 57     65.26           2           2           0
tan0801 26 HOK 58     65.26           4           1           3
tan0801 26 HOK 59     65.26           2           1           1
tan0801 26 HOK 60     65.26           2           2           0
tan0801 26 HOK 61     65.26           5           2           3
tan0801 26 HOK 62     65.26          10           7           3
tan0801 26 HOK 63     65.26          15           5          10
tan0801 26 HOK 64     65.26          26          14          12
tan0801 26 HOK 65     65.26          20          10          10
tan0801 26 HOK 66     65.26          24          14          10
tan0801 26 HOK 67     65.26          30          23           7
tan0801 26 HOK 68     65.26          14          12           2
tan0801 26 HOK 69     65.26          24           9          15
tan0801 26 HOK 70     65.26          10           5           5
tan0801 26 HOK 71     65.26           6           5           1
tan0801 26 HOK 72     65.26           8           7           1
tan0801 26 HOK 73     65.26           7           5           2
tan0801 26 HOK 74     65.26           3           2           1
tan0801 26 HOK 75     65.26           4           3           1
tan0801 26 HOK 76     65.26           2           1           1
tan0801 26 HOK 77     65.26           4           4           0
tan0801 26 HOK 78     65.26           2           2           0
tan0801 26 HOK 79     65.26           2           1           1
tan0801 26 HOK 80     65.26           2           2           0
tan0801 26 HOK 81     65.26           1           1           0
tan0801 26 HOK 89     65.26           1           1           0
tan0801 26 HOK 90     65.26           1           1           0
tan0801 26 HOK 98     65.26           1           1           0
tan0801 27 HOK 53    100.00           1           0           1
tan0801 27 HOK 56    100.00           2           1           1
tan0801 27 HOK 59    100.00           4           0           4
tan0801 27 HOK 60    100.00           5           2           3
tan0801 27 HOK 61    100.00           3           1           2
tan0801 27 HOK 62    100.00           7           4           3
tan0801 27 HOK 63    100.00           5           2           3
tan0801 27 HOK 64    100.00          17           8           9
tan0801 27 HOK 65    100.00          17          13           4
tan0801 27 HOK 66    100.00          13           9           4
tan0801 27 HOK 67    100.00          18           8          10
tan0801 27 HOK 68    100.00          14           4          10
tan0801 27 HOK 69    100.00          10           9           1
tan0801 27 HOK 70    100.00           6           4           2
tan0801 27 HOK 71    100.00           6           4           2
tan0801 27 HOK 72    100.00           8           7           1
tan0801 27 HOK 73    100.00           1           1           0
tan0801 27 HOK 74    100.00           1           0           1
tan0801 27 HOK 75    100.00           1           1           0
tan0801 27 HOK 76    100.00           1           1           0
tan0801 27 HOK 80    100.00           1           1           0
tan0801 27 HOK 84    100.00           1           1           0
tan0801 27 HOK 86    100.00           2           2           0
tan0801 27 HOK 95    100.00           1           0           1
tan0801 27 HOK 100    100.00           1           1           0
tan0801 28 HOK 53    100.00           1           0           1
tan0801 28 HOK 55    100.00           1           1           0
tan0801 28 HOK 56    100.00           5           4           1
tan0801 28 HOK 57    100.00           8           4           4
tan0801 28 HOK 58    100.00          13           5           8
tan0801 28 HOK 59    100.00           4           3           1
tan0801 28 HOK 60    100.00           7           5           2
tan0801 28 HOK 61    100.00           3           3           0
tan0801 28 HOK 62    100.00           8           4           4
tan0801 28 HOK 63    100.00           9           5           4
tan0801 28 HOK 64    100.00          14           8           6
tan0801 28 HOK 65    100.00          17           8           9
tan0801 28 HOK 66    100.00           9           5           4
tan0801 28 HOK 67    100.00          10           9           1
tan0801 28 HOK 68    100.00           7           7           0
tan0801 28 HOK 69    100.00           8           5           3
tan0801 28 HOK 70    100.00           5           4           1
tan0801 28 HOK 71    100.00           7           4           3
tan0801 28 HOK 72    100.00           2           2           0
tan0801 28 HOK 73    100.00           2           2           0
tan0801 28 HOK 74    100.00           3           3           0
tan0801 28 HOK 75    100.00           2           2           0
tan0801 28 HOK 77    100.00           1           1           0
tan0801 28 HOK 79    100.00           1           0           1
tan0801 28 HOK 85    100.00           1           0           1
tan0801 28 HOK 91    100.00           1           1           0
tan0801 29 HOK 98    100.00           1           1           0
tan0801 29 HOK 94    100.00           1           1           0
tan0801 29 HOK 91    100.00           1           1           0
tan0801 29 HOK 89    100.00           1           1           0
tan0801 29 HOK 81    100.00           1           1           0
tan0801 29 HOK 80    100.00           2           2           0
tan0801 29 HOK 79    100.00           1           1           0
tan0801 29 HOK 78    100.00           1           1           0
tan0801 29 HOK 76    100.00           1           1           0
tan0801 29 HOK 74    100.00           1           0           1
tan0801 29 HOK 73    100.00           1           1           0
tan0801 29 HOK 72    100.00           1           1           0
tan0801 29 HOK 71    100.00           2           1           1
tan0801 29 HOK 70    100.00           1           0           1
tan0801 29 HOK 69    100.00           5           3           2
tan0801 29 HOK 68    100.00           5           4           1
tan0801 29 HOK 67    100.00           1           1           0
tan0801 29 HOK 66    100.00           4           2           2
tan0801 29 HOK 65    100.00           5           2           3
tan0801 29 HOK 64    100.00           8           5           3
tan0801 29 HOK 63    100.00           9           6           3
tan0801 29 HOK 62    100.00          10           8           2
tan0801 29 HOK 61    100.00           5           2           3
tan0801 29 HOK 60    100.00           6           5           1
tan0801 29 HOK 59    100.00          11           8           3
tan0801 29 HOK 58    100.00          20          17           3
tan0801 29 HOK 57    100.00          21          12           9
tan0801 29 HOK 56    100.00          24          18           6
tan0801 29 HOK 55    100.00          20          15           5
tan0801 29 HOK 54    100.00          12           5           7
tan0801 29 HOK 53    100.00           4           1           3
tan0801 29 HOK 52    100.00           4           2           2
tan0801 31 HOK 45    100.00           1           0           1
tan0801 31 HOK 46    100.00           3           2           1
tan0801 31 HOK 48    100.00           1           1           0
tan0801 31 HOK 49    100.00           1           0           1
tan0801 31 HOK 50    100.00           1           1           0
tan0801 31 HOK 51    100.00           1           1           0
tan0801 31 HOK 52    100.00           5           1           4
tan0801 31 HOK 53    100.00          15          10           5
tan0801 31 HOK 54    100.00          24          12          12
tan0801 31 HOK 55    100.00          27          12          15
tan0801 31 HOK 56    100.00          20           6          14
tan0801 31 HOK 57    100.00          24          15           9
tan0801 31 HOK 58    100.00          22          11          11
tan0801 31 HOK 59    100.00          10           7           3
tan0801 31 HOK 60    100.00           7           5           2
tan0801 31 HOK 61    100.00           5           2           3
tan0801 31 HOK 62    100.00           7           5           2
tan0801 31 HOK 63    100.00          10           3           7
tan0801 31 HOK 64    100.00           6           4           2
tan0801 31 HOK 65    100.00          11           8           3
tan0801 31 HOK 66    100.00           9           5           4
tan0801 31 HOK 67    100.00           6           5           1
tan0801 31 HOK 68    100.00           6           3           3
tan0801 31 HOK 69    100.00           5           2           3
tan0801 31 HOK 70    100.00           6           5           1
tan0801 31 HOK 71    100.00           4           3           1
tan0801 31 HOK 72    100.00           3           3           0
tan0801 31 HOK 73    100.00           4           2           2
tan0801 31 HOK 74    100.00           2           1           1
tan0801 31 HOK 76    100.00           1           0           1
tan0801 31 HOK 78    100.00           2           1           1
tan0801 31 HOK 80    100.00           1           1           0
tan0801 31 HOK 81    100.00           2           2           0
tan0801 31 HOK 82    100.00           2           2           0
tan0801 31 HOK 84    100.00           2           1           1
tan0801 31 HOK 85    100.00           1           1           0
tan0801 31 HOK 86    100.00           1           1           0
tan0801 31 HOK 87    100.00           1           1           0
tan0801 33 HOK 39     16.04           2           2           0
tan0801 33 HOK 40     16.04           1           0           1
tan0801 33 HOK 41     16.04          10           4           6
tan0801 33 HOK 42     16.04           9           5           4
tan0801 33 HOK 43     16.04          10           6           4
tan0801 33 HOK 44     16.04          20           9          11
tan0801 33 HOK 45     16.04          11           5           6
tan0801 33 HOK 46     16.04           6           2           4
tan0801 33 HOK 47     16.04           2           2           0
tan0801 33 HOK 48     16.04           2           1           1
tan0801 33 HOK 49     16.04           1           1           0
tan0801 33 HOK 51     16.04           1           1           0
tan0801 33 HOK 52     16.04           4           3           1
tan0801 33 HOK 53     16.04           8           6           2
tan0801 33 HOK 54     16.04          20          10          10
tan0801 33 HOK 55     16.04          18          10           8
tan0801 33 HOK 56     16.04          18           9           9
tan0801 33 HOK 57     16.04          24          14          10
tan0801 33 HOK 58     16.04           8           4           4
tan0801 33 HOK 59     16.04           6           5           1
tan0801 33 HOK 60     16.04           4           2           2
tan0801 33 HOK 61     16.04           3           2           1
tan0801 33 HOK 62     16.04           6           2           3
tan0801 33 HOK 63     16.04           6           2           4
tan0801 33 HOK 64     16.04           7           3           4
tan0801 33 HOK 65     16.04          12           8           4
tan0801 33 HOK 66     16.04           7           6           1
tan0801 33 HOK 67     16.04           3           2           1
tan0801 33 HOK 68     16.04           4           2           2
tan0801 33 HOK 69     16.04          10           3           7
tan0801 33 HOK 70     16.04           4           3           1
tan0801 33 HOK 71     16.04           2           1           1
tan0801 33 HOK 72     16.04           4           2           2
tan0801 33 HOK 73     16.04           1           1           0
tan0801 33 HOK 75     16.04           1           1           0
tan0801 33 HOK 77     16.04           1           1           0
tan0801 33 HOK 79     16.04           1           0           1
tan0801 33 HOK 81     16.04           1           0           1
tan0801 33 HOK 85     16.04           1           1           0
tan0801 33 HOK 87     16.04           1           1           0
tan0801 32 HOK 41     62.78           1           1           0
tan0801 32 HOK 42     62.78           5           2           3
tan0801 32 HOK 43     62.78           7           2           5
tan0801 32 HOK 44     62.78          11           3           8
tan0801 32 HOK 45     62.78          17           6          11
tan0801 32 HOK 46     62.78           5           1           4
tan0801 32 HOK 47     62.78           8           4           4
tan0801 32 HOK 50     62.78           1           1           0
tan0801 32 HOK 51     62.78           3           1           2
tan0801 32 HOK 52     62.78           8           4           4
tan0801 32 HOK 53     62.78          15           8           7
tan0801 32 HOK 54     62.78          18           7          11
tan0801 32 HOK 55     62.78          15           5          10
tan0801 32 HOK 56     62.78          17          11           6
tan0801 32 HOK 57     62.78          14          11           3
tan0801 32 HOK 58     62.78          13           8           5
tan0801 32 HOK 59     62.78           5           2           3
tan0801 32 HOK 60     62.78           2           2           0
tan0801 32 HOK 61     62.78           5           5           0
tan0801 32 HOK 62     62.78           3           1           2
tan0801 32 HOK 63     62.78           3           2           1
tan0801 32 HOK 64     62.78           6           4           2
tan0801 32 HOK 65     62.78           3           1           2
tan0801 32 HOK 66     62.78           8           5           3
tan0801 32 HOK 67     62.78           6           4           2
tan0801 32 HOK 68     62.78           5           3           2
tan0801 32 HOK 69     62.78           3           2           1
tan0801 32 HOK 70     62.78           3           1           2
tan0801 32 HOK 72     62.78           2           2           0
tan0801 32 HOK 73     62.78           1           0           1
tan0801 32 HOK 74     62.78           2           1           1
tan0801 32 HOK 76     62.78           3           2           1
tan0801 32 HOK 78     62.78           4           4           0
tan0801 32 HOK 79     62.78           2           1           1
tan0801 32 HOK 80     62.78           2           1           1
tan0801 32 HOK 81     62.78           2           2           0
tan0801 32 HOK 82     62.78           2           2           0
tan0801 32 HOK 84     62.78           2           2           0
tan0801 32 HOK 86     62.78           1           1           0
tan0801 32 HOK 87     62.78           1           1           0
tan0801 32 HOK 89     62.78           2           2           0
tan0801 32 HOK 91     62.78           2           1           1
tan0801 32 HOK 95     62.78           1           1           0
tan0801 32 HOK 96     62.78           1           1           0
tan0801 32 HOK 99     62.78           1           1           0
tan0801 60 HOK 48    100.00           1           0           1
tan0801 60 HOK 47    100.00           2           2           0
tan0801 60 HOK 46    100.00           6           4           2
tan0801 60 HOK 45    100.00           9           5           4
tan0801 60 HOK 44    100.00          12           7           5
tan0801 60 HOK 43    100.00          10           2           8
tan0801 60 HOK 42    100.00          12           5           7
tan0801 60 HOK 41    100.00           3           1           2
tan0801 60 HOK 40    100.00           8           2           6
tan0801 60 HOK 39    100.00           1           1           0
tan0801 75 HOK 50     49.04           1           0           1
tan0801 75 HOK 49     49.04           1           1           0
tan0801 75 HOK 47     49.04           4           3           1
tan0801 75 HOK 46     49.04           2           1           1
tan0801 75 HOK 45     49.04           1           0           1
tan0801 75 HOK 44     49.04           1           0           1
tan0801 75 HOK 43     49.04           3           2           1
tan0801 35 HOK 89     33.01           1           0           1
tan0801 35 HOK 88     33.01           3           3           0
tan0801 35 HOK 87     33.01           1           1           0
tan0801 35 HOK 86     33.01           1           1           0
tan0801 35 HOK 85     33.01           1           1           0
tan0801 35 HOK 84     33.01           1           1           0
tan0801 35 HOK 83     33.01           1           1           0
tan0801 35 HOK 80     33.01           1           1           0
tan0801 35 HOK 78     33.01           3           2           1
tan0801 35 HOK 77     33.01           3           2           1
tan0801 35 HOK 74     33.01           2           2           0
tan0801 35 HOK 73     33.01           2           2           0
tan0801 35 HOK 72     33.01           5           0           5
tan0801 35 HOK 71     33.01           3           2           1
tan0801 35 HOK 70     33.01           3           1           2
tan0801 35 HOK 69     33.01           5           2           3
tan0801 35 HOK 68     33.01           3           2           1
tan0801 35 HOK 67     33.01           4           2           2
tan0801 35 HOK 66     33.01           1           0           1
tan0801 35 HOK 65     33.01           7           1           6
tan0801 35 HOK 64     33.01           7           2           5
tan0801 35 HOK 63     33.01           4           0           4
tan0801 35 HOK 62     33.01           5           1           4
tan0801 35 HOK 61     33.01           5           2           3
tan0801 35 HOK 60     33.01           4           2           2
tan0801 35 HOK 59     33.01           4           2           2
tan0801 35 HOK 58     33.01           4           2           2
tan0801 35 HOK 57     33.01           6           4           2
tan0801 35 HOK 56     33.01           8           3           5
tan0801 35 HOK 55     33.01           7           3           4
tan0801 35 HOK 54     33.01           4           3           1
tan0801 35 HOK 53     33.01           5           4           1
tan0801 35 HOK 52     33.01           3           1           2
tan0801 35 HOK 48     33.01           2           1           1
tan0801 35 HOK 46     33.01           1           1           0
tan0801 35 HOK 45     33.01           5           3           2
tan0801 35 HOK 44     33.01          11           8           3
tan0801 35 HOK 43     33.01           6           1           5
tan0801 35 HOK 42     33.01          11           3           8
tan0801 35 HOK 41     33.01           5           2           3
tan0801 35 HOK 40     33.01           4           3           1
tan0801 35 HOK 38     33.01           1           0           1
tan0801 35 HOK 37     33.01           1           0           1
tan0801 36 HOK 62    100.00           1           0           1
tan0801 36 HOK 63    100.00           1           0           1
tan0801 36 HOK 64    100.00           2           1           1
tan0801 36 HOK 66    100.00           2           2           0
tan0801 36 HOK 67    100.00           2           0           2
tan0801 36 HOK 68    100.00           3           2           1
tan0801 36 HOK 69    100.00           5           4           1
tan0801 36 HOK 70    100.00           9           6           3
tan0801 36 HOK 72    100.00           3           1           2
tan0801 36 HOK 73    100.00           4           2           2
tan0801 36 HOK 74    100.00           5           4           1
tan0801 36 HOK 75    100.00           2           2           0
tan0801 36 HOK 76    100.00           9           6           3
tan0801 36 HOK 77    100.00           8           3           5
tan0801 36 HOK 78    100.00           5           5           0
tan0801 36 HOK 79    100.00           6           3           3
tan0801 36 HOK 80    100.00           6           5           1
tan0801 36 HOK 81    100.00           8           3           5
tan0801 36 HOK 82    100.00           2           0           2
tan0801 36 HOK 83    100.00           3           1           2
tan0801 36 HOK 84    100.00           1           0           1
tan0801 36 HOK 85    100.00           2           2           0
tan0801 36 HOK 88    100.00           1           1           0
tan0801 36 HOK 89    100.00           1           1           0
tan0801 36 HOK 92    100.00           1           1           0
tan0801 36 HOK 96    100.00           1           1           0
tan0801 40 HOK 71    100.00           8           5           3
tan0801 40 HOK 70    100.00           7           3           4
tan0801 40 HOK 69    100.00          16           8           8
tan0801 40 HOK 68    100.00          20           7          13
tan0801 40 HOK 67    100.00          18           8          10
tan0801 40 HOK 66    100.00          23          14           9
tan0801 40 HOK 65    100.00          16           8           8
tan0801 40 HOK 64    100.00          10           4           6
tan0801 40 HOK 63    100.00           3           0           3
tan0801 40 HOK 62    100.00           4           2           2
tan0801 40 HOK 61    100.00           2           2           0
tan0801 40 HOK 60    100.00           1           1           0
tan0801 40 HOK 59    100.00           1           1           0
tan0801 40 HOK 58    100.00           2           2           0
tan0801 45 HOK 94    100.00           2           2           0
tan0801 45 HOK 92    100.00           2           2           0
tan0801 45 HOK 88    100.00           1           1           0
tan0801 45 HOK 87    100.00           2           2           0
tan0801 45 HOK 86    100.00           3           3           0
tan0801 45 HOK 85    100.00           2           2           0
tan0801 45 HOK 84    100.00           2           2           0
tan0801 45 HOK 83    100.00           2           1           1
tan0801 45 HOK 82    100.00           1           1           0
tan0801 45 HOK 81    100.00           1           0           1
tan0801 45 HOK 80    100.00           3           2           1
tan0801 45 HOK 79    100.00           5           3           2
tan0801 45 HOK 78    100.00           5           3           2
tan0801 45 HOK 77    100.00           4           4           0
tan0801 45 HOK 76    100.00           4           3           1
tan0801 45 HOK 75    100.00           5           4           1
tan0801 45 HOK 74    100.00           2           2           0
tan0801 45 HOK 73    100.00           2           2           0
tan0801 45 HOK 72    100.00           1           1           0
tan0801 45 HOK 71    100.00           4           4           0
tan0801 45 HOK 70    100.00           1           1           0
tan0801 45 HOK 69    100.00           1           1           0
tan0801 45 HOK 62    100.00           1           1           0
tan0801 39 HOK 47    100.00           1           1           0
tan0801 39 HOK 54    100.00           1           0           1
tan0801 39 HOK 55    100.00           1           0           1
tan0801 39 HOK 56    100.00           2           2           0
tan0801 39 HOK 58    100.00           1           1           0
tan0801 39 HOK 60    100.00           1           1           0
tan0801 39 HOK 62    100.00           2           1           1
tan0801 39 HOK 63    100.00           1           0           1
tan0801 39 HOK 64    100.00           1           0           1
tan0801 39 HOK 65    100.00           2           1           1
tan0801 39 HOK 66    100.00           3           1           2
tan0801 39 HOK 67    100.00           2           1           1
tan0801 39 HOK 68    100.00           2           2           0
tan0801 39 HOK 69    100.00           8           6           2
tan0801 39 HOK 70    100.00           4           3           1
tan0801 39 HOK 71    100.00           2           2           0
tan0801 39 HOK 72    100.00           4           2           2
tan0801 39 HOK 73    100.00           2           1           1
tan0801 39 HOK 74    100.00           4           2           2
tan0801 39 HOK 75    100.00           1           1           0
tan0801 39 HOK 76    100.00           1           0           1
tan0801 39 HOK 77    100.00           1           1           0
tan0801 39 HOK 78    100.00           2           1           1
tan0801 39 HOK 79    100.00           3           0           3
tan0801 39 HOK 81    100.00           1           1           0
tan0801 39 HOK 82    100.00           4           2           2
tan0801 39 HOK 86    100.00           1           1           0
tan0801 39 HOK 87    100.00           1           0           1
tan0801 39 HOK 88    100.00           1           0           1
tan0801 39 HOK 90    100.00           1           1           0
tan0801 39 HOK 91    100.00           1           1           0
tan0801 39 HOK 95    100.00           2           2           0
tan0801 39 HOK 96    100.00           1           0           1
tan0801 40 HOK 94    100.00           1           1           0
tan0801 40 HOK 92    100.00           1           1           0
tan0801 40 HOK 91    100.00           2           2           0
tan0801 40 HOK 87    100.00           2           2           0
tan0801 40 HOK 85    100.00           1           1           0
tan0801 40 HOK 81    100.00           2           2           0
tan0801 40 HOK 78    100.00           2           1           1
tan0801 40 HOK 77    100.00           5           4           1
tan0801 40 HOK 76    100.00           2           2           0
tan0801 40 HOK 75    100.00           3           3           0
tan0801 40 HOK 74    100.00           3           3           0
tan0801 40 HOK 73    100.00           3           1           2
tan0801 40 HOK 72    100.00           5           4           1
tan0801 41 HOK 94    100.00           1           1           0
tan0801 41 HOK 92    100.00           2           2           0
tan0801 41 HOK 90    100.00           3           3           0
tan0801 41 HOK 89    100.00           2           2           0
tan0801 41 HOK 88    100.00           3           3           0
tan0801 41 HOK 87    100.00           2           2           0
tan0801 41 HOK 86    100.00           2           2           0
tan0801 41 HOK 85    100.00           2           2           0
tan0801 41 HOK 84    100.00           1           1           0
tan0801 41 HOK 83    100.00           2           2           0
tan0801 41 HOK 82    100.00           4           4           0
tan0801 41 HOK 81    100.00           1           0           1
tan0801 41 HOK 80    100.00           1           0           1
tan0801 41 HOK 78    100.00           2           2           0
tan0801 42 HOK 56    100.00           3           3           0
tan0801 42 HOK 57    100.00           1           0           1
tan0801 42 HOK 58    100.00           1           1           0
tan0801 42 HOK 59    100.00           2           1           1
tan0801 42 HOK 60    100.00           4           4           0
tan0801 42 HOK 61    100.00           5           4           1
tan0801 42 HOK 62    100.00           4           4           0
tan0801 42 HOK 63    100.00           5           2           3
tan0801 42 HOK 64    100.00          11           8           3
tan0801 42 HOK 65    100.00          16          10           6
tan0801 42 HOK 66    100.00          18          11           7
tan0801 42 HOK 67    100.00          15          12           3
tan0801 42 HOK 68    100.00          10           8           2
tan0801 42 HOK 69    100.00           7           5           2
tan0801 42 HOK 70    100.00           7           6           1
tan0801 42 HOK 71    100.00           3           3           0
tan0801 42 HOK 72    100.00           2           2           0
tan0801 42 HOK 74    100.00           2           2           0
tan0801 42 HOK 75    100.00           1           0           1
tan0801 42 HOK 76    100.00           2           2           0
tan0801 42 HOK 77    100.00           2           2           0
tan0801 42 HOK 78    100.00           5           4           1
tan0801 42 HOK 79    100.00           1           0           1
tan0801 42 HOK 80    100.00           3           2           1
tan0801 42 HOK 81    100.00           2           2           0
tan0801 42 HOK 82    100.00           3           2           1
tan0801 42 HOK 83    100.00           2           1           1
tan0801 42 HOK 84    100.00           1           1           0
tan0801 42 HOK 85    100.00           4           3           1
tan0801 42 HOK 86    100.00           3           3           0
tan0801 42 HOK 87    100.00           1           1           0
tan0801 42 HOK 88    100.00           4           4           0
tan0801 42 HOK 90    100.00           2           2           0
tan0801 42 HOK 91    100.00           1           1           0
tan0801 42 HOK 92    100.00           1           1           0
tan0801 42 HOK 93    100.00           1           1           0
tan0801 42 HOK 94    100.00           1           1           0
tan0801 42 HOK 95    100.00           2           2           0
tan0801 42 HOK 96    100.00           1           1           0
tan0801 42 HOK 97    100.00           1           1           0
tan0801 42 HOK 98    100.00           1           1           0
tan0801 42 HOK 99    100.00           1           1           0
tan0801 42 HOK 101    100.00           1           1           0
tan0801 42 HOK 106    100.00           1           1           0
tan0801 43 HOK 62    100.00           1           1           0
tan0801 43 HOK 63    100.00           2           1           1
tan0801 43 HOK 64    100.00           4           0           4
tan0801 43 HOK 65    100.00           8           5           3
tan0801 43 HOK 66    100.00           5           1           4
tan0801 43 HOK 67    100.00          10           7           3
tan0801 43 HOK 68    100.00           9           8           1
tan0801 43 HOK 69    100.00          14          12           2
tan0801 43 HOK 70    100.00          10           9           1
tan0801 43 HOK 71    100.00          14          10           4
tan0801 43 HOK 72    100.00           8           3           5
tan0801 43 HOK 73    100.00           9           6           3
tan0801 43 HOK 74    100.00           3           2           1
tan0801 43 HOK 75    100.00           4           3           1
tan0801 43 HOK 76    100.00           4           2           2
tan0801 43 HOK 77    100.00           3           2           1
tan0801 43 HOK 78    100.00           1           1           0
tan0801 43 HOK 79    100.00           3           2           1
tan0801 43 HOK 80    100.00           1           0           1
tan0801 43 HOK 82    100.00           3           2           1
tan0801 43 HOK 84    100.00           2           2           0
tan0801 43 HOK 85    100.00           1           1           0
tan0801 43 HOK 86    100.00           2           2           0
tan0801 43 HOK 87    100.00           1           1           0
tan0801 43 HOK 89    100.00           2           2           0
tan0801 43 HOK 90    100.00           4           4           0
tan0801 43 HOK 91    100.00           3           3           0
tan0801 43 HOK 92    100.00           1           1           0
tan0801 43 HOK 93    100.00           3           3           0
tan0801 43 HOK 94    100.00           1           1           0
tan0801 43 HOK 96    100.00           2           2           0
tan0801 43 HOK 97    100.00           1           1           0
tan0801 43 HOK 98    100.00           1           1           0
tan0801 43 HOK 100    100.00           1           1           0
tan0801 44 HOK 50    100.00           1           1           0
tan0801 44 HOK 55    100.00           1           1           0
tan0801 44 HOK 56    100.00           4           3           1
tan0801 44 HOK 57    100.00           3           3           0
tan0801 44 HOK 58    100.00           8           6           2
tan0801 44 HOK 59    100.00           9           6           3
tan0801 44 HOK 60    100.00           4           3           1
tan0801 44 HOK 61    100.00           6           3           3
tan0801 44 HOK 62    100.00          14           6           8
tan0801 44 HOK 63    100.00          27          13          14
tan0801 44 HOK 64    100.00          26          14          12
tan0801 44 HOK 65    100.00          20          13           7
tan0801 44 HOK 66    100.00          17           8           9
tan0801 44 HOK 67    100.00          17          10           7
tan0801 44 HOK 68    100.00           6           5           1
tan0801 44 HOK 69    100.00           8           5           3
tan0801 44 HOK 70    100.00           6           4           2
tan0801 44 HOK 71    100.00           1           1           0
tan0801 44 HOK 72    100.00           3           3           0
tan0801 44 HOK 73    100.00           2           0           2
tan0801 44 HOK 75    100.00           2           2           0
tan0801 44 HOK 76    100.00           1           1           0
tan0801 44 HOK 77    100.00           2           2           0
tan0801 44 HOK 78    100.00           2           2           0
tan0801 44 HOK 79    100.00           1           1           0
tan0801 44 HOK 80    100.00           1           1           0
tan0801 44 HOK 81    100.00           1           1           0
tan0801 44 HOK 84    100.00           1           1           0
tan0801 44 HOK 85    100.00           5           5           0
tan0801 44 HOK 88    100.00           1           1           0
tan0801 44 HOK 89    100.00           1           0           1
tan0801 44 HOK 91    100.00           2           2           0
tan0801 44 HOK 92    100.00           2           2           0
tan0801 44 HOK 97    100.00           1           1           0
tan0801 44 HOK 98    100.00           1           1           0
tan0801 44 HOK 99    100.00           2           2           0
tan0801 38 HOK 94    100.00           2           2           0
tan0801 38 HOK 92    100.00           1           1           0
tan0801 38 HOK 90    100.00           3           3           0
tan0801 38 HOK 87    100.00           2           2           0
tan0801 38 HOK 86    100.00           1           1           0
tan0801 38 HOK 85    100.00           3           2           1
tan0801 38 HOK 84    100.00           1           1           0
tan0801 38 HOK 83    100.00           1           1           0
tan0801 38 HOK 82    100.00           1           0           1
tan0801 38 HOK 81    100.00           2           2           0
tan0801 38 HOK 80    100.00           1           1           0
tan0801 38 HOK 79    100.00           2           2           0
tan0801 38 HOK 78    100.00           3           2           1
tan0801 38 HOK 76    100.00           1           1           0
tan0801 38 HOK 75    100.00           2           2           0
tan0801 38 HOK 74    100.00           2           1           1
tan0801 38 HOK 73    100.00           1           0           1
tan0801 38 HOK 72    100.00           3           2           1
tan0801 38 HOK 71    100.00           2           1           1
tan0801 38 HOK 70    100.00           3           3           0
tan0801 38 HOK 69    100.00           5           3           2
tan0801 38 HOK 68    100.00           5           3           2
tan0801 38 HOK 67    100.00          10           7           3
tan0801 38 HOK 66    100.00           6           3           3
tan0801 38 HOK 65    100.00          13           6           7
tan0801 38 HOK 64    100.00          17           5          12
tan0801 38 HOK 63    100.00           3           2           1
tan0801 38 HOK 62    100.00           6           1           5
tan0801 38 HOK 61    100.00           3           1           2
tan0801 38 HOK 59    100.00           5           1           4
tan0801 38 HOK 58    100.00          18          11           7
tan0801 38 HOK 57    100.00          13           8           5
tan0801 38 HOK 56    100.00          12           5           7
tan0801 38 HOK 55    100.00           4           3           1
tan0801 38 HOK 54    100.00           3           0           3
tan0801 38 HOK 53    100.00           5           4           1
tan0801 38 HOK 45    100.00           1           0           1
tan0801 47 HOK 76    100.00           1           1           0
tan0801 47 HOK 77    100.00           1           0           1
tan0801 47 HOK 81    100.00           1           0           1
tan0801 47 HOK 82    100.00           1           1           0
tan0801 47 HOK 83    100.00           1           1           0
tan0801 47 HOK 88    100.00           1           1           0
tan0801 47 HOK 90    100.00           2           1           1
tan0801 47 HOK 91    100.00           1           1           0
tan0801 48 HOK 63    100.00           2           1           1
tan0801 48 HOK 64    100.00           4           2           2
tan0801 48 HOK 65    100.00           7           3           4
tan0801 48 HOK 66    100.00          10           4           6
tan0801 48 HOK 67    100.00          10           7           3
tan0801 48 HOK 68    100.00          15          12           3
tan0801 48 HOK 69    100.00           9           4           5
tan0801 48 HOK 70    100.00           6           4           2
tan0801 48 HOK 71    100.00           6           5           1
tan0801 48 HOK 72    100.00           3           3           0
tan0801 48 HOK 73    100.00           1           1           0
tan0801 48 HOK 74    100.00           2           1           1
tan0801 48 HOK 76    100.00           4           3           1
tan0801 48 HOK 78    100.00           1           0           1
tan0801 48 HOK 83    100.00           1           1           0
tan0801 48 HOK 84    100.00           1           0           1
tan0801 48 HOK 89    100.00           1           1           0
tan0801 48 HOK 92    100.00           1           0           1
tan0801 48 HOK 94    100.00           1           1           0
tan0801 48 HOK 95    100.00           1           1           0
tan0801 48 HOK 97    100.00           1           1           0
tan0801 48 HOK 98    100.00           1           1           0
tan0801 49 HOK 53    100.00           1           0           1
tan0801 49 HOK 56    100.00           2           2           0
tan0801 49 HOK 57    100.00           2           1           1
tan0801 49 HOK 58    100.00          10           6           4
tan0801 49 HOK 59    100.00           2           2           0
tan0801 49 HOK 60    100.00           3           1           2
tan0801 49 HOK 61    100.00           2           0           2
tan0801 49 HOK 62    100.00           3           1           2
tan0801 49 HOK 63    100.00           7           4           3
tan0801 49 HOK 64    100.00          16           6          10
tan0801 49 HOK 65    100.00          11           8           3
tan0801 49 HOK 66    100.00          15           8           7
tan0801 49 HOK 67    100.00          20          13           7
tan0801 49 HOK 68    100.00          12           9           3
tan0801 49 HOK 69    100.00           8           5           3
tan0801 49 HOK 70    100.00           2           2           0
tan0801 49 HOK 71    100.00           3           2           1
tan0801 49 HOK 72    100.00           1           1           0
tan0801 49 HOK 73    100.00           2           1           1
tan0801 49 HOK 74    100.00           6           6           0
tan0801 49 HOK 75    100.00           1           0           1
tan0801 49 HOK 76    100.00           1           1           0
tan0801 49 HOK 78    100.00           1           0           1
tan0801 49 HOK 79    100.00           1           1           0
tan0801 49 HOK 80    100.00           2           0           2
tan0801 49 HOK 81    100.00           1           0           1
tan0801 49 HOK 82    100.00           1           0           1
tan0801 49 HOK 83    100.00           2           2           0
tan0801 49 HOK 84    100.00           1           1           0
tan0801 49 HOK 86    100.00           1           1           0
tan0801 49 HOK 93    100.00           1           1           0
tan0801 49 HOK 95    100.00           1           1           0
tan0801 49 HOK 96    100.00           1           1           0
tan0801 49 HOK 98    100.00           1           1           0
tan0801 50 HOK 67    100.00           1           1           0
tan0801 50 HOK 70    100.00           4           3           1
tan0801 50 HOK 71    100.00           2           2           0
tan0801 50 HOK 72    100.00           2           0           2
tan0801 50 HOK 73    100.00           1           1           0
tan0801 50 HOK 74    100.00           1           1           0
tan0801 50 HOK 75    100.00           1           0           1
tan0801 50 HOK 77    100.00           3           2           1
tan0801 50 HOK 78    100.00           5           4           1
tan0801 50 HOK 79    100.00           2           1           1
tan0801 50 HOK 80    100.00           4           3           1
tan0801 50 HOK 81    100.00           5           4           1
tan0801 50 HOK 82    100.00           3           2           1
tan0801 50 HOK 83    100.00           3           3           0
tan0801 50 HOK 84    100.00           2           2           0
tan0801 50 HOK 85    100.00           5           5           0
tan0801 50 HOK 86    100.00           7           7           0
tan0801 50 HOK 87    100.00           4           3           1
tan0801 50 HOK 88    100.00           5           4           1
tan0801 50 HOK 89    100.00           1           1           0
tan0801 50 HOK 90    100.00           5           5           0
tan0801 50 HOK 91    100.00           1           1           0
tan0801 50 HOK 92    100.00           2           2           0
tan0801 50 HOK 94    100.00           1           1           0
tan0801 50 HOK 95    100.00           1           1           0
tan0801 50 HOK 106    100.00           1           1           0
tan0801 50 HOK 107    100.00           1           1           0
tan0801 51 HOK 77    100.00           1           1           0
tan0801 51 HOK 80    100.00           2           2           0
tan0801 51 HOK 82    100.00           2           2           0
tan0801 51 HOK 83    100.00           1           1           0
tan0801 51 HOK 84    100.00           1           1           0
tan0801 51 HOK 85    100.00           4           3           1
tan0801 51 HOK 87    100.00           1           1           0
tan0801 51 HOK 88    100.00           4           4           0
tan0801 51 HOK 89    100.00           1           1           0
tan0801 51 HOK 90    100.00           1           1           0
tan0801 51 HOK 92    100.00           1           1           0
tan0801 51 HOK 93    100.00           3           2           1
tan0801 51 HOK 94    100.00           1           1           0
tan0801 51 HOK 97    100.00           2           2           0
tan0801 53 HOK 55    100.00           1           0           0
tan0801 53 HOK 56    100.00           3           2           1
tan0801 53 HOK 58    100.00           6           3           3
tan0801 53 HOK 59    100.00           7           5           2
tan0801 53 HOK 60    100.00           1           1           0
tan0801 53 HOK 61    100.00           1           0           1
tan0801 53 HOK 62    100.00           5           2           3
tan0801 53 HOK 63    100.00           8           4           4
tan0801 53 HOK 64    100.00           5           3           2
tan0801 53 HOK 65    100.00           7           3           4
tan0801 53 HOK 66    100.00           6           2           4
tan0801 53 HOK 67    100.00           5           2           3
tan0801 53 HOK 68    100.00           6           4           2
tan0801 53 HOK 69    100.00           2           2           0
tan0801 53 HOK 70    100.00           4           4           0
tan0801 53 HOK 71    100.00           1           1           0
tan0801 53 HOK 73    100.00           1           0           1
tan0801 53 HOK 74    100.00           4           4           0
tan0801 53 HOK 75    100.00           1           1           0
tan0801 53 HOK 76    100.00           1           1           0
tan0801 53 HOK 77    100.00           5           2           3
tan0801 53 HOK 81    100.00           2           2           0
tan0801 53 HOK 83    100.00           1           1           0
tan0801 53 HOK 85    100.00           1           1           0
tan0801 53 HOK 86    100.00           1           1           0
tan0801 53 HOK 92    100.00           1           1           0
tan0801 53 HOK 95    100.00           1           1           0
tan0801 53 HOK 104    100.00           1           1           0
tan0801 54 HOK 54    100.00           4           1           3
tan0801 54 HOK 55    100.00           3           1           2
tan0801 54 HOK 56    100.00          17           9           8
tan0801 54 HOK 57    100.00          15           7           8
tan0801 54 HOK 58    100.00          19          13           6
tan0801 54 HOK 59    100.00          18           9           9
tan0801 54 HOK 60    100.00           5           2           3
tan0801 54 HOK 61    100.00           5           2           3
tan0801 54 HOK 62    100.00           8           1           7
tan0801 54 HOK 63    100.00           8           6           2
tan0801 54 HOK 64    100.00          20           9          11
tan0801 54 HOK 65    100.00          16           7           9
tan0801 54 HOK 66    100.00          14           6           8
tan0801 54 HOK 67    100.00          12           7           5
tan0801 54 HOK 68    100.00           6           3           3
tan0801 54 HOK 69    100.00           6           2           4
tan0801 54 HOK 70    100.00           4           3           1
tan0801 54 HOK 72    100.00           5           2           3
tan0801 54 HOK 73    100.00           1           1           0
tan0801 54 HOK 74    100.00           1           0           1
tan0801 54 HOK 77    100.00           1           0           1
tan0801 54 HOK 80    100.00           1           1           0
tan0801 54 HOK 81    100.00           1           1           0
tan0801 54 HOK 84    100.00           1           1           0
tan0801 54 HOK 85    100.00           1           1           0
tan0801 54 HOK 86    100.00           2           2           0
tan0801 54 HOK 88    100.00           2           2           0
tan0801 54 HOK 94    100.00           1           1           0
tan0801 54 HOK 95    100.00           1           1           0
tan0801 55 HOK 47    100.00           2           2           0
tan0801 55 HOK 49    100.00           1           1           0
tan0801 55 HOK 51    100.00           3           1           2
tan0801 55 HOK 52    100.00          10           4           6
tan0801 55 HOK 53    100.00          13           9           4
tan0801 55 HOK 54    100.00          20          15           5
tan0801 55 HOK 55    100.00          27          17          10
tan0801 55 HOK 56    100.00          17          11           6
tan0801 55 HOK 57    100.00          17           9           8
tan0801 55 HOK 58    100.00          11           8           3
tan0801 55 HOK 59    100.00           4           3           1
tan0801 55 HOK 60    100.00           3           2           1
tan0801 55 HOK 61    100.00          10           5           5
tan0801 55 HOK 62    100.00           7           3           4
tan0801 55 HOK 63    100.00           2           0           2
tan0801 55 HOK 64    100.00           3           1           2
tan0801 55 HOK 65    100.00           7           6           1
tan0801 55 HOK 66    100.00           6           4           2
tan0801 55 HOK 67    100.00           3           2           1
tan0801 55 HOK 68    100.00           3           1           2
tan0801 55 HOK 69    100.00           6           2           4
tan0801 55 HOK 70    100.00           4           2           2
tan0801 55 HOK 71    100.00           1           1           0
tan0801 55 HOK 72    100.00           3           1           2
tan0801 55 HOK 73    100.00           1           1           0
tan0801 55 HOK 75    100.00           1           1           0
tan0801 55 HOK 77    100.00           2           1           1
tan0801 55 HOK 78    100.00           2           2           0
tan0801 55 HOK 79    100.00           2           1           1
tan0801 55 HOK 80    100.00           2           2           0
tan0801 55 HOK 81    100.00           1           0           1
tan0801 55 HOK 82    100.00           2           2           0
tan0801 55 HOK 83    100.00           1           1           0
tan0801 55 HOK 84    100.00           1           1           0
tan0801 55 HOK 85    100.00           3           2           1
tan0801 55 HOK 88    100.00           1           1           0
tan0801 55 HOK 89    100.00           2           2           0
tan0801 55 HOK 90    100.00           1           1           0
tan0801 55 HOK 92    100.00           1           1           0
tan0801 34 HOK 92     11.50           1           1           0
tan0801 34 HOK 89     11.50           1           1           0
tan0801 34 HOK 88     11.50           1           1           0
tan0801 34 HOK 86     11.50           1           0           1
tan0801 34 HOK 83     11.50           1           1           0
tan0801 34 HOK 82     11.50           1           1           0
tan0801 34 HOK 80     11.50           1           1           0
tan0801 34 HOK 78     11.50           1           0           1
tan0801 34 HOK 77     11.50           2           1           1
tan0801 34 HOK 76     11.50           4           3           1
tan0801 34 HOK 75     11.50           2           0           2
tan0801 34 HOK 74     11.50           1           1           0
tan0801 34 HOK 73     11.50           4           1           3
tan0801 34 HOK 72     11.50           4           2           2
tan0801 34 HOK 71     11.50           1           1           0
tan0801 34 HOK 69     11.50           3           2           1
tan0801 34 HOK 68     11.50           8           3           5
tan0801 34 HOK 67     11.50          10          10           0
tan0801 34 HOK 66     11.50          16           6          10
tan0801 34 HOK 65     11.50          10           6           4
tan0801 34 HOK 64     11.50           7           5           2
tan0801 34 HOK 63     11.50           6           4           2
tan0801 34 HOK 62     11.50           4           2           2
tan0801 34 HOK 61     11.50           3           2           1
tan0801 34 HOK 60     11.50           3           3           0
tan0801 34 HOK 59     11.50           7           7           0
tan0801 34 HOK 58     11.50           5           5           0
tan0801 34 HOK 57     11.50          10           5           5
tan0801 34 HOK 56     11.50          16          10           6
tan0801 34 HOK 55     11.50           9           4           5
tan0801 34 HOK 54     11.50          14          11           3
tan0801 34 HOK 53     11.50          12           4           8
tan0801 34 HOK 52     11.50           4           1           3
tan0801 34 HOK 51     11.50           2           2           0
tan0801 34 HOK 49     11.50           1           1           0
tan0801 34 HOK 47     11.50           1           1           0
tan0801 34 HOK 45     11.50          10           7           3
tan0801 34 HOK 44     11.50           4           2           2
tan0801 34 HOK 43     11.50           3           2           1
tan0801 34 HOK 42     11.50           7           3           4
tan0801 34 HOK 41     11.50           8           3           5
tan0801 34 HOK 40     11.50           1           0           1
tan0801 34 HOK 39     11.50           1           0           1
tan0801 34 HOK 38     11.50           1           0           1
tan0801 57 HOK 41    100.00           1           1           0
tan0801 57 HOK 42    100.00           4           1           3
tan0801 57 HOK 43    100.00           8           2           6
tan0801 57 HOK 44    100.00           5           2           3
tan0801 57 HOK 45    100.00           6           2           4
tan0801 57 HOK 46    100.00           9           7           2
tan0801 57 HOK 47    100.00           6           3           3
tan0801 57 HOK 48    100.00           6           4           2
tan0801 57 HOK 49    100.00           3           2           1
tan0801 57 HOK 51    100.00           1           1           0
tan0801 57 HOK 52    100.00           1           1           0
tan0801 57 HOK 55    100.00           3           1           2
tan0801 57 HOK 56    100.00           4           0           4
tan0801 57 HOK 57    100.00           2           0           2
tan0801 57 HOK 58    100.00           5           2           3
tan0801 57 HOK 59    100.00           2           2           0
tan0801 57 HOK 60    100.00           4           2           2
tan0801 57 HOK 61    100.00           1           0           1
tan0801 57 HOK 62    100.00           2           2           0
tan0801 57 HOK 63    100.00           2           1           1
tan0801 57 HOK 64    100.00           3           2           1
tan0801 57 HOK 65    100.00           5           2           3
tan0801 57 HOK 66    100.00           8           3           5
tan0801 57 HOK 67    100.00           4           2           2
tan0801 57 HOK 68    100.00           8           4           4
tan0801 57 HOK 69    100.00           4           1           3
tan0801 57 HOK 70    100.00           2           2           0
tan0801 57 HOK 71    100.00           2           1           1
tan0801 57 HOK 72    100.00           1           1           0
tan0801 57 HOK 73    100.00           4           2           2
tan0801 57 HOK 74    100.00           2           2           0
tan0801 57 HOK 75    100.00           2           2           0
tan0801 57 HOK 76    100.00           1           1           0
tan0801 57 HOK 79    100.00           1           1           0
tan0801 57 HOK 80    100.00           1           1           0
tan0801 57 HOK 83    100.00           1           1           0
tan0801 57 HOK 92    100.00           1           1           0
tan0801 58 HOK 87     85.89           2           2           0
tan0801 58 HOK 86     85.89           2           1           1
tan0801 58 HOK 84     85.89           1           1           0
tan0801 58 HOK 83     85.89           2           2           0
tan0801 58 HOK 82     85.89           1           1           0
tan0801 58 HOK 81     85.89           1           1           0
tan0801 58 HOK 79     85.89           1           0           1
tan0801 58 HOK 78     85.89           2           0           2
tan0801 58 HOK 77     85.89           1           0           1
tan0801 58 HOK 76     85.89           2           2           0
tan0801 58 HOK 75     85.89           1           1           0
tan0801 58 HOK 74     85.89           1           0           1
tan0801 58 HOK 73     85.89           3           3           0
tan0801 58 HOK 72     85.89           1           1           0
tan0801 58 HOK 71     85.89           5           4           1
tan0801 58 HOK 70     85.89           7           4           3
tan0801 58 HOK 69     85.89           9           2           7
tan0801 58 HOK 68     85.89          11           4           7
tan0801 58 HOK 67     85.89           6           2           4
tan0801 58 HOK 66     85.89          15           5          10
tan0801 58 HOK 65     85.89          13           5           8
tan0801 58 HOK 64     85.89          21           5          16
tan0801 58 HOK 63     85.89          11           1          10
tan0801 58 HOK 62     85.89           6           1           5
tan0801 58 HOK 61     85.89           9           3           6
tan0801 58 HOK 60     85.89           8           1           7
tan0801 58 HOK 59     85.89          13           7           6
tan0801 58 HOK 58     85.89           4           3           1
tan0801 58 HOK 57     85.89          12           3           9
tan0801 58 HOK 56     85.89           4           1           3
tan0801 58 HOK 55     85.89           3           1           2
tan0801 58 HOK 54     85.89           2           0           2
tan0801 58 HOK 51     85.89           2           1           1
tan0801 97 HOK 66     12.92           1           0           1
tan0801 97 HOK 65     12.92           1           0           1
tan0801 97 HOK 64     12.92           1           0           1
tan0801 97 HOK 63     12.92           1           0           1
tan0801 97 HOK 61     12.92           1           0           1
tan0801 97 HOK 59     12.92           1           1           0
tan0801 97 HOK 58     12.92           2           1           1
tan0801 97 HOK 57     12.92           6           4           2
tan0801 97 HOK 56     12.92           1           1           0
tan0801 97 HOK 55     12.92           4           1           3
tan0801 97 HOK 54     12.92           2           1           1
tan0801 97 HOK 53     12.92           6           0           6
tan0801 97 HOK 52     12.92           3           1           2
tan0801 97 HOK 51     12.92           4           0           4
tan0801 97 HOK 50     12.92           1           0           1
tan0801 97 HOK 49     12.92           5           1           4
tan0801 97 HOK 47     12.92           2           1           1
tan0801 97 HOK 46     12.92           4           3           1
tan0801 97 HOK 45     12.92          12           4           8
tan0801 97 HOK 44     12.92          14           5           9
tan0801 97 HOK 43     12.92          18           9           9
tan0801 97 HOK 42     12.92          18           8          10
tan0801 97 HOK 41     12.92          33          15          17
tan0801 97 HOK 40     12.92          39          20          19
tan0801 97 HOK 39     12.92          24          10          13
tan0801 97 HOK 38     12.92          28          14          14
tan0801 97 HOK 37     12.92          14           6           8
tan0801 97 HOK 36     12.92          12           6           6
tan0801 97 HOK 35     12.92          15           2          13
tan0801 97 HOK 34     12.92           3           3           0
tan0801 97 HOK 33     12.92           1           0           1
tan0801 89 HOK 107    100.00           1           1           0
tan0801 89 HOK 99    100.00           1           1           0
tan0801 89 HOK 90    100.00           1           1           0
tan0801 89 HOK 87    100.00           2           2           0
tan0801 89 HOK 84    100.00           2           2           0
tan0801 89 HOK 82    100.00           3           2           1
tan0801 89 HOK 81    100.00           1           0           1
tan0801 89 HOK 79    100.00           3           2           1
tan0801 89 HOK 77    100.00           2           2           0
tan0801 89 HOK 76    100.00           2           0           2
tan0801 89 HOK 75    100.00           4           4           0
tan0801 89 HOK 74    100.00           2           1           1
tan0801 89 HOK 73    100.00           2           1           1
tan0801 89 HOK 71    100.00           3           3           0
tan0801 89 HOK 70    100.00           4           1           3
tan0801 89 HOK 69    100.00           2           1           1
tan0801 89 HOK 68    100.00           3           1           2
tan0801 89 HOK 67    100.00           3           0           3
tan0801 89 HOK 66    100.00           5           0           5
tan0801 89 HOK 65    100.00           3           2           1
tan0801 89 HOK 64    100.00           2           0           2
tan0801 89 HOK 63    100.00           1           0           1
tan0801 61 HOK 92     38.77           1           1           0
tan0801 61 HOK 91     38.77           1           1           0
tan0801 61 HOK 83     38.77           2           2           0
tan0801 61 HOK 81     38.77           4           3           1
tan0801 61 HOK 80     38.77           4           2           2
tan0801 61 HOK 79     38.77           2           2           0
tan0801 61 HOK 78     38.77           3           2           1
tan0801 61 HOK 77     38.77           2           2           0
tan0801 61 HOK 76     38.77           3           2           1
tan0801 61 HOK 75     38.77           4           3           1
tan0801 61 HOK 74     38.77           4           1           3
tan0801 61 HOK 73     38.77           5           4           1
tan0801 61 HOK 72     38.77           6           2           4
tan0801 61 HOK 71     38.77           8           5           3
tan0801 61 HOK 70     38.77           7           5           2
tan0801 61 HOK 69     38.77          14           8           6
tan0801 61 HOK 68     38.77          10           7           3
tan0801 61 HOK 67     38.77          20           8          12
tan0801 61 HOK 66     38.77          16           7           9
tan0801 61 HOK 65     38.77          17          10           7
tan0801 61 HOK 64     38.77          21           2          19
tan0801 61 HOK 63     38.77          15           6           9
tan0801 61 HOK 62     38.77           6           1           5
tan0801 61 HOK 61     38.77           6           2           4
tan0801 61 HOK 60     38.77           8           4           4
tan0801 61 HOK 59     38.77           6           3           3
tan0801 61 HOK 58     38.77           7           5           2
tan0801 61 HOK 57     38.77           4           0           4
tan0801 61 HOK 55     38.77           3           0           3
tan0801 61 HOK 54     38.77           2           0           2
tan0801 62 HOK 93     39.71           1           1           0
tan0801 62 HOK 90     39.71           1           1           0
tan0801 62 HOK 86     39.71           1           0           1
tan0801 62 HOK 85     39.71           1           1           0
tan0801 62 HOK 84     39.71           1           1           0
tan0801 62 HOK 82     39.71           1           1           0
tan0801 62 HOK 81     39.71           3           3           0
tan0801 62 HOK 80     39.71           2           2           0
tan0801 62 HOK 79     39.71           5           3           2
tan0801 62 HOK 77     39.71           3           2           1
tan0801 62 HOK 76     39.71           6           3           3
tan0801 62 HOK 75     39.71           5           2           3
tan0801 62 HOK 74     39.71           8           6           2
tan0801 62 HOK 73     39.71           6           4           2
tan0801 62 HOK 72     39.71          16          10           6
tan0801 62 HOK 71     39.71          11           7           4
tan0801 62 HOK 70     39.71          12           9           3
tan0801 62 HOK 69     39.71          11           6           5
tan0801 62 HOK 68     39.71          17          11           6
tan0801 62 HOK 67     39.71          14           9           5
tan0801 62 HOK 66     39.71           9           7           2
tan0801 62 HOK 65     39.71          12           6           6
tan0801 62 HOK 64     39.71          12           5           7
tan0801 62 HOK 63     39.71           4           2           2
tan0801 62 HOK 62     39.71           3           1           2
tan0801 62 HOK 61     39.71           3           1           2
tan0801 84 HOK 102    100.00           1           1           0
tan0801 84 HOK 88    100.00           1           1           0
tan0801 84 HOK 87    100.00           1           1           0
tan0801 84 HOK 86    100.00           1           0           1
tan0801 84 HOK 82    100.00           2           2           0
tan0801 84 HOK 78    100.00           1           1           0
tan0801 84 HOK 77    100.00           1           1           0
tan0801 84 HOK 75    100.00           1           0           1
tan0801 84 HOK 73    100.00           2           2           0
tan0801 84 HOK 72    100.00           3           2           1
tan0801 84 HOK 71    100.00           1           0           1
tan0801 84 HOK 70    100.00           4           3           1
tan0801 84 HOK 69    100.00           4           1           3
tan0801 84 HOK 68    100.00           7           4           3
tan0801 84 HOK 67    100.00           4           1           3
tan0801 84 HOK 66    100.00           5           3           2
tan0801 84 HOK 65    100.00           1           0           1
tan0801 84 HOK 64    100.00           7           2           5
tan0801 84 HOK 63    100.00           3           2           1
tan0801 84 HOK 62    100.00           6           3           3
tan0801 84 HOK 61    100.00           4           0           4
tan0801 84 HOK 60    100.00          12           7           5
tan0801 84 HOK 59    100.00           4           3           1
tan0801 84 HOK 58    100.00          12           6           6
tan0801 84 HOK 57    100.00          15           8           7
tan0801 84 HOK 56    100.00          20          12           8
tan0801 84 HOK 55    100.00          13           7           6
tan0801 84 HOK 54    100.00           5           1           4
tan0801 84 HOK 53    100.00           1           0           1
tan0801 84 HOK 52    100.00           1           0           1
tan0801 84 HOK 51    100.00           1           1           0
tan0801 84 HOK 50    100.00           3           2           1
tan0801 83 HOK 78     22.82           1           0           1
tan0801 83 HOK 76     22.82           1           0           1
tan0801 83 HOK 75     22.82           1           0           1
tan0801 83 HOK 74     22.82           2           1           1
tan0801 83 HOK 73     22.82           3           3           0
tan0801 83 HOK 72     22.82           1           0           1
tan0801 83 HOK 71     22.82           5           5           0
tan0801 83 HOK 70     22.82           6           3           3
tan0801 83 HOK 69     22.82           7           5           2
tan0801 83 HOK 68     22.82           8           1           7
tan0801 83 HOK 67     22.82          11           5           6
tan0801 83 HOK 66     22.82          13           4           9
tan0801 83 HOK 65     22.82           7           3           4
tan0801 83 HOK 64     22.82           5           2           3
tan0801 83 HOK 63     22.82           4           3           1
tan0801 83 HOK 62     22.82           8           5           3
tan0801 83 HOK 61     22.82           8           4           4
tan0801 83 HOK 60     22.82          14           7           7
tan0801 83 HOK 59     22.82          19           7          12
tan0801 83 HOK 58     22.82          22          12          10
tan0801 83 HOK 57     22.82          24          13          11
tan0801 83 HOK 56     22.82          11           5           6
tan0801 83 HOK 55     22.82           8           3           5
tan0801 83 HOK 54     22.82           8           4           4
tan0801 83 HOK 53     22.82           2           0           2
tan0801 83 HOK 51     22.82           1           1           0
tan0801 83 HOK 44     22.82           1           0           1
tan0801 81 HOK 93    100.00           1           1           0
tan0801 81 HOK 91    100.00           1           1           0
tan0801 81 HOK 84    100.00           3           1           2
tan0801 81 HOK 83    100.00           1           1           0
tan0801 81 HOK 82    100.00           1           1           0
tan0801 81 HOK 80    100.00           1           0           1
tan0801 81 HOK 78    100.00           1           1           0
tan0801 81 HOK 76    100.00           1           0           1
tan0801 81 HOK 75    100.00           4           2           2
tan0801 81 HOK 74    100.00           2           2           0
tan0801 81 HOK 73    100.00           1           0           1
tan0801 81 HOK 72    100.00           2           0           2
tan0801 81 HOK 71    100.00           2           0           2
tan0801 81 HOK 70    100.00           1           1           0
tan0801 81 HOK 69    100.00           3           1           2
tan0801 81 HOK 68    100.00           6           3           3
tan0801 81 HOK 67    100.00           4           0           4
tan0801 81 HOK 66    100.00           9           7           2
tan0801 81 HOK 65    100.00           6           4           2
tan0801 65 HOK 87     12.03           1           1           0
tan0801 65 HOK 70     12.03           4           2           2
tan0801 65 HOK 69     12.03           1           1           0
tan0801 65 HOK 68     12.03           2           1           1
tan0801 65 HOK 67     12.03           2           2           0
tan0801 65 HOK 66     12.03           2           1           1
tan0801 65 HOK 65     12.03           3           3           0
tan0801 65 HOK 64     12.03           6           2           4
tan0801 65 HOK 63     12.03           5           1           4
tan0801 65 HOK 62     12.03           4           1           3
tan0801 65 HOK 61     12.03          10           5           5
tan0801 65 HOK 60     12.03           7           4           3
tan0801 65 HOK 59     12.03          15           9           6
tan0801 65 HOK 58     12.03          31          20          11
tan0801 65 HOK 57     12.03          27          10          17
tan0801 65 HOK 56     12.03          47          21          26
tan0801 65 HOK 55     12.03          36          17          19
tan0801 65 HOK 54     12.03          24          12          12
tan0801 65 HOK 53     12.03          15           7           8
tan0801 65 HOK 52     12.03           7           4           3
tan0801 65 HOK 51     12.03           3           1           2
tan0801 65 HOK 48     12.03           2           2           0
tan0801 65 HOK 47     12.03           1           1           0
tan0801 65 HOK 46     12.03           3           1           2
tan0801 65 HOK 45     12.03           2           0           2
tan0801 65 HOK 44     12.03           2           1           1
tan0801 65 HOK 43     12.03           1           1           0
tan0801 66 HOK 36     13.07           1           0           1
tan0801 66 HOK 37     13.07           1           0           1
tan0801 66 HOK 38     13.07           1           1           0
tan0801 66 HOK 40     13.07           2           1           1
tan0801 66 HOK 41     13.07           2           1           1
tan0801 66 HOK 42     13.07           4           4           0
tan0801 66 HOK 43     13.07           5           3           2
tan0801 66 HOK 44     13.07           2           1           1
tan0801 66 HOK 45     13.07           2           1           1
tan0801 66 HOK 46     13.07           2           2           0
tan0801 66 HOK 49     13.07           3           0           3
tan0801 66 HOK 51     13.07           8           4           4
tan0801 66 HOK 52     13.07           9           4           5
tan0801 66 HOK 53     13.07          22           9          13
tan0801 66 HOK 54     13.07          20          12           8
tan0801 66 HOK 55     13.07          26          18           8
tan0801 66 HOK 56     13.07          16          11           5
tan0801 66 HOK 57     13.07          20          12           8
tan0801 66 HOK 58     13.07          12           4           8
tan0801 66 HOK 59     13.07          10           3           7
tan0801 66 HOK 60     13.07           7           3           4
tan0801 66 HOK 61     13.07           3           1           2
tan0801 66 HOK 62     13.07           5           2           3
tan0801 66 HOK 63     13.07           3           2           1
tan0801 66 HOK 64     13.07           3           2           1
tan0801 66 HOK 65     13.07           2           1           1
tan0801 66 HOK 66     13.07           1           0           1
tan0801 66 HOK 67     13.07           2           1           1
tan0801 66 HOK 69     13.07           2           1           1
tan0801 66 HOK 72     13.07           3           2           1
tan0801 66 HOK 74     13.07           1           0           1
tan0801 66 HOK 77     13.07           1           0           1
tan0801 67 HOK 36     11.59           1           0           1
tan0801 67 HOK 41     11.59           1           1           0
tan0801 67 HOK 42     11.59           1           1           0
tan0801 67 HOK 43     11.59           1           0           1
tan0801 67 HOK 44     11.59           2           1           1
tan0801 67 HOK 47     11.59           1           0           1
tan0801 67 HOK 50     11.59           1           1           0
tan0801 67 HOK 52     11.59           8           5           3
tan0801 67 HOK 53     11.59          20           2          18
tan0801 67 HOK 54     11.59          24           8          16
tan0801 67 HOK 55     11.59          29          14          15
tan0801 67 HOK 56     11.59          28          19           9
tan0801 67 HOK 57     11.59          14           7           7
tan0801 67 HOK 58     11.59          19          13           6
tan0801 67 HOK 59     11.59           6           4           2
tan0801 67 HOK 60     11.59           9           6           3
tan0801 67 HOK 61     11.59           4           1           3
tan0801 67 HOK 62     11.59           4           2           2
tan0801 67 HOK 63     11.59           9           3           6
tan0801 67 HOK 64     11.59           1           1           0
tan0801 67 HOK 65     11.59           1           0           1
tan0801 67 HOK 66     11.59           2           1           1
tan0801 67 HOK 67     11.59           2           0           2
tan0801 67 HOK 68     11.59           2           1           1
tan0801 67 HOK 70     11.59           2           2           0
tan0801 67 HOK 71     11.59           1           0           1
tan0801 67 HOK 72     11.59           3           2           1
tan0801 67 HOK 73     11.59           1           0           1
tan0801 67 HOK 75     11.59           1           1           0
tan0801 67 HOK 78     11.59           1           1           0
tan0801 67 HOK 79     11.59           1           1           0
tan0801 75 HOK 97     49.04           1           1           0
tan0801 75 HOK 90     49.04           1           1           0
tan0801 75 HOK 89     49.04           1           1           0
tan0801 75 HOK 86     49.04           1           1           0
tan0801 75 HOK 85     49.04           2           2           0
tan0801 75 HOK 84     49.04           1           1           0
tan0801 75 HOK 82     49.04           1           1           0
tan0801 75 HOK 79     49.04           1           1           0
tan0801 75 HOK 77     49.04           2           1           1
tan0801 75 HOK 76     49.04           2           1           1
tan0801 75 HOK 75     49.04           3           1           2
tan0801 75 HOK 73     49.04           5           2           3
tan0801 75 HOK 72     49.04           4           2           2
tan0801 69 HOK 53    100.00           1           0           1
tan0801 69 HOK 56    100.00           2           0           2
tan0801 69 HOK 57    100.00           5           3           2
tan0801 69 HOK 58    100.00           7           4           3
tan0801 69 HOK 59    100.00           9           2           7
tan0801 69 HOK 60    100.00           3           0           3
tan0801 69 HOK 61    100.00           3           1           2
tan0801 69 HOK 62    100.00           6           2           4
tan0801 69 HOK 63    100.00           7           2           5
tan0801 69 HOK 64    100.00           9           3           6
tan0801 69 HOK 65    100.00           8           1           7
tan0801 69 HOK 66    100.00           5           1           4
tan0801 69 HOK 67    100.00           8           2           6
tan0801 69 HOK 68    100.00           9           2           7
tan0801 69 HOK 69    100.00           7           4           3
tan0801 69 HOK 70    100.00          10           2           8
tan0801 69 HOK 71    100.00           6           3           3
tan0801 69 HOK 72    100.00           2           2           0
tan0801 69 HOK 73    100.00           5           2           3
tan0801 69 HOK 74    100.00           3           1           2
tan0801 69 HOK 75    100.00           2           1           1
tan0801 69 HOK 76    100.00           3           2           1
tan0801 69 HOK 77    100.00           1           0           1
tan0801 69 HOK 78    100.00           2           2           0
tan0801 69 HOK 79    100.00           3           2           1
tan0801 69 HOK 80    100.00           7           5           2
tan0801 69 HOK 81    100.00           1           1           0
tan0801 69 HOK 82    100.00           2           1           1
tan0801 69 HOK 83    100.00           7           6           1
tan0801 69 HOK 84    100.00           3           1           2
tan0801 69 HOK 85    100.00           2           2           0
tan0801 69 HOK 86    100.00           4           3           1
tan0801 69 HOK 87    100.00           2           2           0
tan0801 69 HOK 88    100.00           1           1           0
tan0801 69 HOK 90    100.00           2           2           0
tan0801 69 HOK 91    100.00           1           1           0
tan0801 69 HOK 92    100.00           2           2           0
tan0801 69 HOK 93    100.00           3           3           0
tan0801 69 HOK 95    100.00           2           2           0
tan0801 69 HOK 96    100.00           1           1           0
tan0801 69 HOK 100    100.00           1           1           0
tan0801 69 HOK 102    100.00           1           1           0
tan0801 69 HOK 106    100.00           1           1           0
tan0801 70 HOK 66       .38           1           1           0
tan0801 70 HOK 59       .38           5           3           2
tan0801 70 HOK 58       .38           2           0           2
tan0801 70 HOK 57       .38           6           2           4
tan0801 70 HOK 56       .38           4           3           1
tan0801 70 HOK 55       .38           9           4           5
tan0801 70 HOK 54       .38          11           6           5
tan0801 70 HOK 53       .38           7           1           6
tan0801 70 HOK 52       .38          11           4           7
tan0801 70 HOK 51       .38           6           2           4
tan0801 70 HOK 50       .38           2           2           0
tan0801 70 HOK 48       .38           1           0           1
tan0801 70 HOK 46       .38           2           0           2
tan0801 70 HOK 45       .38           7           3           4
tan0801 70 HOK 44       .38           3           2           1
tan0801 70 HOK 43       .38           7           3           4
tan0801 70 HOK 42       .38           9           4           5
tan0801 70 HOK 41       .38          13           7           6
tan0801 70 HOK 40       .38          29          17          12
tan0801 70 HOK 39       .38          33          14          19
tan0801 70 HOK 38       .38          20           8          12
tan0801 70 HOK 37       .38          27          12          15
tan0801 70 HOK 36       .38          10           3           7
tan0801 70 HOK 35       .38           6           3           3
tan0801 70 HOK 34       .38           5           2           3
tan0801 70 HOK 33       .38           1           0           1
tan0801 70 HOK 32       .38           1           0           1
tan0801 71 HOK 89    100.00           1           1           0
tan0801 71 HOK 87    100.00           1           1           0
tan0801 71 HOK 86    100.00           1           1           0
tan0801 71 HOK 85    100.00           1           1           0
tan0801 71 HOK 84    100.00           1           0           1
tan0801 71 HOK 83    100.00           2           2           0
tan0801 71 HOK 82    100.00           3           2           1
tan0801 71 HOK 81    100.00           3           2           1
tan0801 71 HOK 80    100.00           4           3           1
tan0801 71 HOK 79    100.00           3           1           2
tan0801 71 HOK 78    100.00           4           2           2
tan0801 71 HOK 77    100.00           1           1           0
tan0801 71 HOK 76    100.00           1           1           0
tan0801 71 HOK 75    100.00           3           1           2
tan0801 71 HOK 74    100.00           1           0           1
tan0801 71 HOK 73    100.00           2           1           1
tan0801 71 HOK 72    100.00           1           1           0
tan0801 71 HOK 71    100.00           1           1           0
tan0801 71 HOK 70    100.00           3           2           1
tan0801 71 HOK 69    100.00           2           1           1
tan0801 71 HOK 68    100.00           1           0           1
tan0801 71 HOK 66    100.00           1           1           0
tan0801 72 HOK 52     21.27           1           1           0
tan0801 72 HOK 55     21.27           2           1           1
tan0801 72 HOK 59     21.27           1           1           0
tan0801 72 HOK 60     21.27           2           1           1
tan0801 72 HOK 63     21.27           4           1           3
tan0801 72 HOK 64     21.27           4           2           2
tan0801 72 HOK 66     21.27           3           0           3
tan0801 72 HOK 67     21.27           1           1           0
tan0801 72 HOK 68     21.27           2           0           2
tan0801 72 HOK 69     21.27           2           0           2
tan0801 72 HOK 70     21.27           5           3           2
tan0801 72 HOK 71     21.27           2           0           2
tan0801 72 HOK 72     21.27           7           7           0
tan0801 72 HOK 73     21.27           4           2           2
tan0801 72 HOK 74     21.27           5           0           5
tan0801 72 HOK 75     21.27           5           0           5
tan0801 72 HOK 76     21.27           3           1           2
tan0801 72 HOK 77     21.27           7           3           4
tan0801 72 HOK 78     21.27           3           2           1
tan0801 72 HOK 79     21.27           4           2           2
tan0801 72 HOK 80     21.27           6           3           3
tan0801 72 HOK 81     21.27           4           2           2
tan0801 72 HOK 82     21.27           8           1           7
tan0801 72 HOK 83     21.27           8           7           1
tan0801 72 HOK 84     21.27           2           1           1
tan0801 72 HOK 85     21.27           5           5           0
tan0801 72 HOK 86     21.27           1           0           1
tan0801 72 HOK 87     21.27           2           1           1
tan0801 72 HOK 88     21.27           2           1           1
tan0801 72 HOK 89     21.27           1           0           1
tan0801 72 HOK 90     21.27           1           1           0
tan0801 72 HOK 91     21.27           1           1           0
tan0801 73 HOK 97     24.36           1           1           0
tan0801 73 HOK 73     24.36           1           1           0
tan0801 73 HOK 70     24.36           1           0           1
tan0801 73 HOK 69     24.36           2           2           0
tan0801 73 HOK 68     24.36           1           1           0
tan0801 73 HOK 67     24.36           2           2           0
tan0801 73 HOK 66     24.36           1           1           0
tan0801 73 HOK 65     24.36           3           2           1
tan0801 73 HOK 64     24.36           2           1           1
tan0801 73 HOK 63     24.36           1           1           0
tan0801 73 HOK 62     24.36           6           2           4
tan0801 73 HOK 61     24.36           3           1           2
tan0801 73 HOK 60     24.36           5           2           3
tan0801 73 HOK 59     24.36           7           3           4
tan0801 73 HOK 58     24.36           9           5           4
tan0801 73 HOK 57     24.36          11           7           4
tan0801 73 HOK 56     24.36          22          15           7
tan0801 73 HOK 55     24.36          24          14          10
tan0801 73 HOK 54     24.36          18          11           7
tan0801 73 HOK 53     24.36          18           6          12
tan0801 73 HOK 52     24.36          13           7           6
tan0801 73 HOK 51     24.36          11           4           7
tan0801 73 HOK 50     24.36           6           2           4
tan0801 73 HOK 49     24.36           4           0           4
tan0801 73 HOK 47     24.36           1           1           0
tan0801 73 HOK 46     24.36           5           5           0
tan0801 73 HOK 45     24.36           6           2           4
tan0801 73 HOK 44     24.36           9           4           5
tan0801 73 HOK 43     24.36          15           8           7
tan0801 73 HOK 42     24.36           7           3           4
tan0801 73 HOK 41     24.36           6           3           3
tan0801 73 HOK 40     24.36           6           4           2
tan0801 73 HOK 39     24.36           3           1           2
tan0801 73 HOK 37     24.36           2           1           1
tan0801 73 HOK 36     24.36           1           1           0
tan0801 74 HOK 108    100.00           1           1           0
tan0801 74 HOK 100    100.00           1           1           0
tan0801 74 HOK 97    100.00           1           1           0
tan0801 74 HOK 93    100.00           1           1           0
tan0801 74 HOK 87    100.00           1           1           0
tan0801 74 HOK 82    100.00           2           2           0
tan0801 74 HOK 79    100.00           2           1           1
tan0801 74 HOK 78    100.00           1           1           0
tan0801 74 HOK 77    100.00           3           3           0
tan0801 74 HOK 76    100.00           1           1           0
tan0801 74 HOK 75    100.00           2           1           1
tan0801 74 HOK 74    100.00           1           1           0
tan0801 74 HOK 72    100.00           2           1           1
tan0801 74 HOK 71    100.00           2           1           1
tan0801 74 HOK 70    100.00           3           1           2
tan0801 74 HOK 69    100.00           3           1           2
tan0801 74 HOK 68    100.00           5           3           2
tan0801 74 HOK 67    100.00           2           1           1
tan0801 74 HOK 66    100.00           4           2           2
tan0801 74 HOK 65    100.00           4           4           0
tan0801 74 HOK 64    100.00           8           4           4
tan0801 74 HOK 63    100.00           6           3           3
tan0801 74 HOK 62    100.00           8           0           8
tan0801 74 HOK 61    100.00          11           4           7
tan0801 74 HOK 60    100.00           5           3           2
tan0801 74 HOK 59    100.00          11           5           6
tan0801 74 HOK 58    100.00          10           6           4
tan0801 74 HOK 57    100.00          11           4           7
tan0801 74 HOK 56    100.00          13           7           6
tan0801 74 HOK 55    100.00          13           6           7
tan0801 74 HOK 54    100.00           3           2           1
tan0801 74 HOK 53    100.00           4           1           3
tan0801 74 HOK 52    100.00           1           1           0
tan0801 74 HOK 51    100.00           1           0           1
tan0801 74 HOK 50    100.00           1           0           1
tan0801 74 HOK 45    100.00           1           1           0
tan0801 74 HOK 35    100.00           1           0           1
tan0801 81 HOK 64    100.00           5           3           2
tan0801 81 HOK 63    100.00           4           0           4
tan0801 81 HOK 62    100.00           4           4           0
tan0801 81 HOK 61    100.00           5           2           3
tan0801 81 HOK 60    100.00           3           1           2
tan0801 81 HOK 59    100.00          15           9           6
tan0801 81 HOK 58    100.00          18           9           9
tan0801 81 HOK 57    100.00          23           8          15
tan0801 81 HOK 56    100.00          19          10           9
tan0801 81 HOK 55    100.00          33          20          13
tan0801 81 HOK 54    100.00          20           8          12
tan0801 81 HOK 53    100.00          13           6           7
tan0801 81 HOK 52    100.00           2           1           1
tan0801 81 HOK 51    100.00           2           1           1
tan0801 81 HOK 50    100.00           1           1           0
tan0801 81 HOK 36    100.00           1           1           0
tan0801 79 HOK 100    100.00           1           1           0
tan0801 79 HOK 98    100.00           1           0           0
tan0801 79 HOK 96    100.00           1           1           0
tan0801 79 HOK 95    100.00           1           1           0
tan0801 79 HOK 91    100.00           3           3           0
tan0801 79 HOK 90    100.00           1           1           0
tan0801 79 HOK 89    100.00           3           3           0
tan0801 79 HOK 86    100.00           1           1           0
tan0801 79 HOK 84    100.00           2           1           1
tan0801 79 HOK 83    100.00           3           2           1
tan0801 79 HOK 82    100.00           1           0           1
tan0801 79 HOK 81    100.00           7           5           2
tan0801 79 HOK 80    100.00           3           3           0
tan0801 79 HOK 79    100.00           1           1           0
tan0801 79 HOK 78    100.00           2           1           1
tan0801 79 HOK 77    100.00           3           2           1
tan0801 79 HOK 76    100.00           1           1           0
tan0801 79 HOK 75    100.00           5           4           1
tan0801 79 HOK 74    100.00           5           4           1
tan0801 79 HOK 73    100.00           2           2           0
tan0801 79 HOK 72    100.00           2           2           0
tan0801 79 HOK 71    100.00           2           2           0
tan0801 79 HOK 70    100.00           1           1           0
tan0801 79 HOK 69    100.00           4           3           1
tan0801 79 HOK 68    100.00           4           2           2
tan0801 79 HOK 67    100.00           2           1           1
tan0801 79 HOK 66    100.00           2           2           0
tan0801 79 HOK 65    100.00           2           2           0
tan0801 79 HOK 64    100.00           6           1           5
tan0801 79 HOK 63    100.00           5           1           4
tan0801 79 HOK 62    100.00           1           0           1
tan0801 79 HOK 61    100.00           4           2           2
tan0801 79 HOK 60    100.00           2           1           1
tan0801 79 HOK 59    100.00           6           4           2
tan0801 79 HOK 58    100.00           5           4           1
tan0801 79 HOK 57    100.00           6           0           6
tan0801 79 HOK 56    100.00           8           2           6
tan0801 79 HOK 55    100.00           2           1           1
tan0801 79 HOK 54    100.00           2           0           2
tan0801 79 HOK 52    100.00           1           1           0
tan0801 79 HOK 44    100.00           1           0           1
tan0801 79 HOK 41    100.00           1           0           1
tan0801 79 HOK 37    100.00           1           0           1
tan0801 79 HOK 36    100.00           2           0           2
tan0801 79 HOK 35    100.00           1           1           0
tan0801 76 HOK 51    100.00           1           1           0
tan0801 76 HOK 53    100.00           1           0           1
tan0801 76 HOK 54    100.00           9           3           6
tan0801 76 HOK 55    100.00           5           3           2
tan0801 76 HOK 56    100.00           8           3           5
tan0801 76 HOK 57    100.00          10           6           4
tan0801 76 HOK 58    100.00           4           1           3
tan0801 76 HOK 59    100.00           9           5           4
tan0801 76 HOK 60    100.00           5           0           5
tan0801 76 HOK 61    100.00           5           3           2
tan0801 76 HOK 62    100.00           3           2           1
tan0801 76 HOK 63    100.00           6           4           2
tan0801 76 HOK 64    100.00           7           3           4
tan0801 76 HOK 65    100.00           7           3           4
tan0801 76 HOK 66    100.00           7           6           1
tan0801 76 HOK 67    100.00           7           3           4
tan0801 76 HOK 68    100.00           5           4           1
tan0801 76 HOK 69    100.00           5           3           2
tan0801 76 HOK 70    100.00           4           2           2
tan0801 76 HOK 71    100.00           8           6           2
tan0801 76 HOK 72    100.00           1           0           1
tan0801 76 HOK 73    100.00           4           2           2
tan0801 76 HOK 74    100.00           2           2           0
tan0801 76 HOK 75    100.00           7           5           2
tan0801 76 HOK 76    100.00           4           2           2
tan0801 76 HOK 77    100.00           4           2           2
tan0801 76 HOK 78    100.00           1           1           0
tan0801 76 HOK 79    100.00           1           1           0
tan0801 76 HOK 80    100.00           5           3           2
tan0801 76 HOK 82    100.00           3           1           2
tan0801 76 HOK 83    100.00           1           0           1
tan0801 76 HOK 84    100.00           3           1           2
tan0801 76 HOK 85    100.00           3           3           0
tan0801 76 HOK 86    100.00           2           2           0
tan0801 76 HOK 87    100.00           3           3           0
tan0801 76 HOK 88    100.00           2           2           0
tan0801 76 HOK 89    100.00           1           1           0
tan0801 76 HOK 90    100.00           1           1           0
tan0801 76 HOK 91    100.00           1           0           1
tan0801 76 HOK 93    100.00           2           2           0
tan0801 77 HOK 54    100.00           1           0           1
tan0801 77 HOK 55    100.00           4           2           2
tan0801 77 HOK 56    100.00           7           3           4
tan0801 77 HOK 57    100.00           4           2           2
tan0801 77 HOK 58    100.00           2           1           1
tan0801 77 HOK 59    100.00           2           0           2
tan0801 77 HOK 60    100.00           6           3           3
tan0801 77 HOK 61    100.00           1           0           1
tan0801 77 HOK 62    100.00           2           1           1
tan0801 77 HOK 63    100.00           1           0           1
tan0801 77 HOK 64    100.00           2           0           2
tan0801 77 HOK 65    100.00           3           1           2
tan0801 77 HOK 66    100.00           2           1           1
tan0801 77 HOK 67    100.00           2           1           1
tan0801 77 HOK 68    100.00           5           4           1
tan0801 77 HOK 69    100.00           2           1           1
tan0801 77 HOK 70    100.00           3           2           1
tan0801 77 HOK 71    100.00           2           2           0
tan0801 77 HOK 72    100.00           1           0           1
tan0801 77 HOK 73    100.00           3           3           0
tan0801 77 HOK 74    100.00           1           0           1
tan0801 77 HOK 75    100.00           1           1           0
tan0801 77 HOK 76    100.00           2           1           1
tan0801 77 HOK 77    100.00           2           2           0
tan0801 77 HOK 80    100.00           6           2           4
tan0801 77 HOK 81    100.00           2           0           2
tan0801 77 HOK 82    100.00           2           1           1
tan0801 77 HOK 83    100.00           1           1           0
tan0801 77 HOK 84    100.00           4           4           0
tan0801 77 HOK 85    100.00           2           1           1
tan0801 77 HOK 86    100.00           3           3           0
tan0801 77 HOK 87    100.00           4           3           1
tan0801 77 HOK 88    100.00           1           1           0
tan0801 77 HOK 89    100.00           1           1           0
tan0801 77 HOK 93    100.00           1           1           0
tan0801 77 HOK 99    100.00           1           1           0
tan0801 77 HOK 101    100.00           1           1           0
tan0801 77 HOK 106    100.00           1           1           0
tan0801 78 HOK 35    100.00           1           1           0
tan0801 78 HOK 54    100.00           1           0           1
tan0801 78 HOK 59    100.00           1           1           0
tan0801 78 HOK 61    100.00           1           0           1
tan0801 78 HOK 65    100.00           2           1           1
tan0801 78 HOK 66    100.00           1           1           0
tan0801 78 HOK 67    100.00           2           2           0
tan0801 78 HOK 68    100.00           4           2           2
tan0801 78 HOK 69    100.00           2           1           1
tan0801 78 HOK 70    100.00           1           1           0
tan0801 78 HOK 72    100.00           1           1           0
tan0801 78 HOK 73    100.00           1           1           0
tan0801 78 HOK 74    100.00           3           2           1
tan0801 78 HOK 78    100.00           4           1           3
tan0801 78 HOK 79    100.00           1           0           1
tan0801 78 HOK 80    100.00           1           1           0
tan0801 78 HOK 81    100.00           4           3           1
tan0801 78 HOK 83    100.00           1           1           0
tan0801 78 HOK 84    100.00           3           1           2
tan0801 78 HOK 85    100.00           3           1           2
tan0801 78 HOK 86    100.00           2           2           0
tan0801 78 HOK 88    100.00           2           2           0
tan0801 78 HOK 89    100.00           1           1           0
tan0801 78 HOK 90    100.00           2           2           0
tan0801 78 HOK 98    100.00           1           1           0
tan0801 78 HOK 100    100.00           1           1           0
tan0801 75 HOK 71     49.04           6           3           3
tan0801 75 HOK 70     49.04           6           5           1
tan0801 75 HOK 69     49.04          12           6           6
tan0801 75 HOK 68     49.04           6           3           3
tan0801 75 HOK 67     49.04           3           1           2
tan0801 75 HOK 66     49.04          14           9           5
tan0801 75 HOK 65     49.04           7           5           2
tan0801 75 HOK 64     49.04           8           5           3
tan0801 75 HOK 63     49.04           5           2           3
tan0801 75 HOK 62     49.04          13           9           4
tan0801 75 HOK 61     49.04          14           7           7
tan0801 75 HOK 60     49.04           3           1           2
tan0801 75 HOK 59     49.04           6           1           5
tan0801 75 HOK 58     49.04          12           7           5
tan0801 75 HOK 57     49.04           7           2           5
tan0801 75 HOK 56     49.04           8           4           4
tan0801 75 HOK 55     49.04          10           8           2
tan0801 75 HOK 54     49.04           4           2           2
tan0801 75 HOK 53     49.04           4           1           3
tan0801 75 HOK 52     49.04           8           2           6
tan0801 75 HOK 51     49.04           1           0           1
tan0801 68 HOK 54    100.00           1           0           1
tan0801 68 HOK 57    100.00           2           2           0
tan0801 68 HOK 64    100.00           2           1           1
tan0801 68 HOK 67    100.00           1           0           1
tan0801 68 HOK 69    100.00           3           2           1
tan0801 68 HOK 70    100.00           2           0           2
tan0801 68 HOK 71    100.00           1           1           0
tan0801 68 HOK 72    100.00           1           0           1
tan0801 68 HOK 73    100.00           6           3           3
tan0801 68 HOK 74    100.00           1           1           0
tan0801 68 HOK 75    100.00           2           1           1
tan0801 68 HOK 76    100.00           4           2           2
tan0801 68 HOK 77    100.00           4           2           2
tan0801 68 HOK 78    100.00           2           1           1
tan0801 68 HOK 79    100.00           5           2           3
tan0801 68 HOK 81    100.00           3           3           0
tan0801 68 HOK 82    100.00           7           6           1
tan0801 68 HOK 83    100.00           3           2           1
tan0801 68 HOK 84    100.00           2           2           0
tan0801 68 HOK 85    100.00           2           1           1
tan0801 68 HOK 86    100.00           2           1           1
tan0801 68 HOK 87    100.00           5           4           1
tan0801 68 HOK 88    100.00           3           3           0
tan0801 68 HOK 89    100.00           2           2           0
tan0801 68 HOK 90    100.00           2           2           0
tan0801 68 HOK 91    100.00           3           3           0
tan0801 68 HOK 92    100.00           1           1           0
tan0801 68 HOK 94    100.00           3           3           0
tan0801 68 HOK 99    100.00           3           3           0
tan0801 68 HOK 100    100.00           1           1           0
tan0801 68 HOK 105    100.00           1           1           0
tan0801 60 HOK 52    100.00           1           1           0
tan0801 60 HOK 53    100.00           4           3           1
tan0801 60 HOK 54    100.00           4           1           3
tan0801 60 HOK 55    100.00           9           7           2
tan0801 60 HOK 56    100.00          13          10           3
tan0801 60 HOK 57    100.00           8           5           3
tan0801 60 HOK 58    100.00           2           1           1
tan0801 60 HOK 59    100.00           3           2           1
tan0801 60 HOK 60    100.00           2           0           2
tan0801 60 HOK 61    100.00           6           4           2
tan0801 60 HOK 62    100.00           6           4           2
tan0801 60 HOK 63    100.00           8           3           5
tan0801 60 HOK 64    100.00           8           2           6
tan0801 60 HOK 65    100.00          14           5           9
tan0801 60 HOK 66    100.00           8           5           3
tan0801 60 HOK 67    100.00           9           4           5
tan0801 60 HOK 68    100.00           5           3           2
tan0801 60 HOK 69    100.00           5           1           4
tan0801 60 HOK 70    100.00           5           4           1
tan0801 60 HOK 71    100.00           4           2           2
tan0801 60 HOK 72    100.00           4           2           2
tan0801 60 HOK 73    100.00           1           0           1
tan0801 60 HOK 74    100.00           3           3           0
tan0801 60 HOK 75    100.00           2           2           0
tan0801 60 HOK 76    100.00           2           0           2
tan0801 60 HOK 77    100.00           1           0           1
tan0801 60 HOK 78    100.00           2           2           0
tan0801 60 HOK 79    100.00           1           1           0
tan0801 60 HOK 80    100.00           3           3           0
tan0801 60 HOK 81    100.00           4           4           0
tan0801 60 HOK 83    100.00           2           1           1
tan0801 60 HOK 84    100.00           2           2           0
tan0801 60 HOK 85    100.00           1           0           1
tan0801 60 HOK 86    100.00           1           1           0
tan0801 60 HOK 88    100.00           1           1           0
tan0801 60 HOK 90    100.00           1           1           0
tan0801 60 HOK 91    100.00           1           1           0
tan0801 60 HOK 92    100.00           1           1           0
tan0801 82 HOK 45    100.00           3           1           2
tan0801 82 HOK 46    100.00           1           0           1
tan0801 82 HOK 48    100.00           1           1           0
tan0801 82 HOK 50    100.00           1           0           1
tan0801 82 HOK 51    100.00           1           0           1
tan0801 82 HOK 52    100.00           7           1           6
tan0801 82 HOK 53    100.00          11           3           8
tan0801 82 HOK 54    100.00           7           1           6
tan0801 82 HOK 55    100.00          10           3           7
tan0801 82 HOK 56    100.00          15           7           8
tan0801 82 HOK 57    100.00          19           7          12
tan0801 82 HOK 58    100.00          16           8           8
tan0801 82 HOK 59    100.00           6           3           3
tan0801 82 HOK 60    100.00           5           2           3
tan0801 82 HOK 61    100.00           8           3           5
tan0801 82 HOK 62    100.00           7           4           3
tan0801 82 HOK 63    100.00          12           7           5
tan0801 82 HOK 64    100.00           6           2           4
tan0801 82 HOK 65    100.00           5           5           0
tan0801 82 HOK 66    100.00           7           3           4
tan0801 82 HOK 67    100.00           9           5           4
tan0801 82 HOK 68    100.00           5           0           5
tan0801 82 HOK 69    100.00           4           1           3
tan0801 82 HOK 70    100.00           3           1           2
tan0801 82 HOK 71    100.00           2           2           0
tan0801 82 HOK 72    100.00           4           0           4
tan0801 82 HOK 73    100.00           3           3           0
tan0801 82 HOK 74    100.00           2           0           2
tan0801 82 HOK 75    100.00           1           1           0
tan0801 82 HOK 76    100.00           1           0           1
tan0801 82 HOK 77    100.00           1           1           0
tan0801 82 HOK 78    100.00           3           1           2
tan0801 82 HOK 79    100.00           1           1           0
tan0801 82 HOK 83    100.00           1           0           1
tan0801 82 HOK 84    100.00           2           1           1
tan0801 82 HOK 86    100.00           2           1           1
tan0801 82 HOK 87    100.00           1           1           0
tan0801 82 HOK 88    100.00           1           1           0
tan0801 82 HOK 95    100.00           1           1           0
tan0801 82 HOK 98    100.00           1           1           0
tan0801 82 HOK 101    100.00           1           1           0
tan0801 64 HOK 94     20.44           1           1           0
tan0801 64 HOK 82     20.44           1           1           0
tan0801 64 HOK 80     20.44           2           1           1
tan0801 64 HOK 78     20.44           1           1           0
tan0801 64 HOK 77     20.44           2           2           0
tan0801 64 HOK 76     20.44           1           1           0
tan0801 64 HOK 75     20.44           1           0           1
tan0801 64 HOK 74     20.44           3           2           1
tan0801 64 HOK 73     20.44           1           0           1
tan0801 64 HOK 72     20.44           5           2           3
tan0801 64 HOK 71     20.44           5           3           2
tan0801 64 HOK 70     20.44           6           3           3
tan0801 64 HOK 69     20.44           5           2           3
tan0801 64 HOK 68     20.44           3           1           2
tan0801 64 HOK 67     20.44           8           6           2
tan0801 64 HOK 66     20.44           6           3           3
tan0801 64 HOK 65     20.44          10           7           3
tan0801 64 HOK 64     20.44           9           2           7
tan0801 64 HOK 63     20.44          17           7          10
tan0801 64 HOK 62     20.44          15           4          11
tan0801 64 HOK 61     20.44           9           4           5
tan0801 64 HOK 60     20.44          12           6           6
tan0801 64 HOK 59     20.44          15           7           8
tan0801 64 HOK 58     20.44          18          10           8
tan0801 64 HOK 57     20.44          21          11          10
tan0801 64 HOK 56     20.44          20          10          10
tan0801 64 HOK 55     20.44          24           5          19
tan0801 64 HOK 54     20.44          18           6          12
tan0801 64 HOK 53     20.44          10           3           7
tan0801 64 HOK 52     20.44           6           2           4
tan0801 64 HOK 51     20.44           2           2           0
tan0801 64 HOK 50     20.44           1           0           1
tan0801 64 HOK 49     20.44           1           1           0
tan0801 64 HOK 47     20.44           1           1           0
tan0801 63 HOK 100    100.00           1           1           0
tan0801 63 HOK 89    100.00           1           1           0
tan0801 63 HOK 88    100.00           1           1           0
tan0801 63 HOK 87    100.00           3           3           0
tan0801 63 HOK 82    100.00           1           1           0
tan0801 63 HOK 81    100.00           3           2           1
tan0801 63 HOK 80    100.00           2           2           0
tan0801 63 HOK 79    100.00           2           1           1
tan0801 63 HOK 78    100.00           3           3           0
tan0801 63 HOK 77    100.00           4           3           1
tan0801 63 HOK 76    100.00           3           0           3
tan0801 63 HOK 75    100.00           1           1           0
tan0801 63 HOK 74    100.00           1           1           0
tan0801 63 HOK 73    100.00           3           3           0
tan0801 63 HOK 72    100.00           1           0           1
tan0801 63 HOK 71    100.00           5           1           4
tan0801 63 HOK 70    100.00           8           3           5
tan0801 63 HOK 69    100.00          11           6           5
tan0801 63 HOK 68    100.00          11           5           6
tan0801 63 HOK 67    100.00          10           4           6
tan0801 63 HOK 66    100.00          12           4           8
tan0801 63 HOK 65    100.00           9           4           5
tan0801 63 HOK 64    100.00           5           3           2
tan0801 63 HOK 63    100.00           9           4           5
tan0801 63 HOK 62    100.00           5           1           4
tan0801 63 HOK 61    100.00           8           4           4
tan0801 63 HOK 60    100.00           8           2           6
tan0801 63 HOK 59    100.00          10           6           4
tan0801 63 HOK 58    100.00           7           3           4
tan0801 63 HOK 57    100.00          14           7           7
tan0801 63 HOK 56    100.00          18          12           6
tan0801 63 HOK 55    100.00           6           3           3
tan0801 63 HOK 54    100.00           7           0           7
tan0801 63 HOK 53    100.00           5           1           4
tan0801 63 HOK 52    100.00           1           1           0
tan0801 63 HOK 51    100.00           5           0           5
tan0801 63 HOK 50    100.00           1           0           1
tan0801 63 HOK 46    100.00           3           1           2
tan0801 63 HOK 44    100.00           2           1           1
tan0801 63 HOK 40    100.00           1           1           0
tan0801 85 HOK 50     47.16           3           0           3
tan0801 85 HOK 51     47.16           1           0           1
tan0801 85 HOK 52     47.16           7           3           4
tan0801 85 HOK 53     47.16           6           3           3
tan0801 85 HOK 54     47.16          18           9           9
tan0801 85 HOK 55     47.16          23          11          12
tan0801 85 HOK 56     47.16          25          10          15
tan0801 85 HOK 57     47.16          24           8          16
tan0801 85 HOK 58     47.16          31          10          21
tan0801 85 HOK 59     47.16          14           8           6
tan0801 85 HOK 60     47.16          13           8           5
tan0801 85 HOK 61     47.16          10           3           7
tan0801 85 HOK 62     47.16          10           6           4
tan0801 85 HOK 63     47.16           9           3           6
tan0801 85 HOK 64     47.16           6           2           4
tan0801 85 HOK 65     47.16           6           3           3
tan0801 85 HOK 66     47.16           5           1           4
tan0801 85 HOK 67     47.16           2           0           2
tan0801 85 HOK 68     47.16           3           1           2
tan0801 85 HOK 69     47.16           2           1           1
tan0801 85 HOK 70     47.16           4           4           0
tan0801 85 HOK 71     47.16           2           1           1
tan0801 85 HOK 80     47.16           2           2           0
tan0801 85 HOK 94     47.16           2           2           0
tan0801 86 HOK 100    100.00           1           1           0
tan0801 86 HOK 86    100.00           2           2           0
tan0801 86 HOK 85    100.00           1           1           0
tan0801 86 HOK 84    100.00           2           2           0
tan0801 86 HOK 80    100.00           1           1           0
tan0801 86 HOK 79    100.00           1           0           1
tan0801 86 HOK 77    100.00           1           0           1
tan0801 86 HOK 75    100.00           1           1           0
tan0801 86 HOK 74    100.00           2           2           0
tan0801 86 HOK 73    100.00           2           2           0
tan0801 86 HOK 72    100.00           1           1           0
tan0801 86 HOK 71    100.00           1           0           1
tan0801 86 HOK 70    100.00           3           3           0
tan0801 86 HOK 69    100.00           7           6           1
tan0801 86 HOK 68    100.00           2           2           0
tan0801 86 HOK 67    100.00           4           1           3
tan0801 86 HOK 66    100.00           2           1           1
tan0801 86 HOK 65    100.00           3           2           1
tan0801 86 HOK 64    100.00           5           1           4
tan0801 86 HOK 63    100.00           2           1           1
tan0801 86 HOK 62    100.00           8           7           1
tan0801 86 HOK 61    100.00           4           2           2
tan0801 86 HOK 60    100.00           4           3           1
tan0801 86 HOK 59    100.00           6           2           4
tan0801 86 HOK 58    100.00           5           4           1
tan0801 86 HOK 57    100.00           4           1           3
tan0801 86 HOK 55    100.00           2           2           0
tan0801 87 HOK 54    100.00           1           0           1
tan0801 87 HOK 56    100.00           1           1           0
tan0801 87 HOK 57    100.00           8           5           3
tan0801 87 HOK 58    100.00           7           4           3
tan0801 87 HOK 59    100.00          19          14           5
tan0801 87 HOK 60    100.00          14           7           7
tan0801 87 HOK 61    100.00           5           3           2
tan0801 87 HOK 62    100.00           9           7           2
tan0801 87 HOK 63    100.00           5           3           2
tan0801 87 HOK 64    100.00           9           5           4
tan0801 87 HOK 65    100.00           6           3           3
tan0801 87 HOK 66    100.00          10           5           5
tan0801 87 HOK 67    100.00          13           6           7
tan0801 87 HOK 68    100.00           6           3           3
tan0801 87 HOK 69    100.00          11           8           3
tan0801 87 HOK 70    100.00          10           9           1
tan0801 87 HOK 71    100.00           4           3           1
tan0801 87 HOK 72    100.00           3           3           0
tan0801 87 HOK 73    100.00           5           4           1
tan0801 87 HOK 74    100.00           6           3           3
tan0801 87 HOK 75    100.00           3           3           0
tan0801 87 HOK 76    100.00           2           1           1
tan0801 87 HOK 77    100.00           4           1           3
tan0801 87 HOK 78    100.00           3           3           0
tan0801 87 HOK 80    100.00           1           1           0
tan0801 87 HOK 81    100.00           4           1           3
tan0801 87 HOK 82    100.00           4           2           2
tan0801 87 HOK 83    100.00           1           1           0
tan0801 87 HOK 88    100.00           2           2           0
tan0801 87 HOK 89    100.00           1           1           0
tan0801 87 HOK 91    100.00           1           1           0
tan0801 88 HOK 97     46.30           1           1           0
tan0801 88 HOK 92     46.30           1           1           0
tan0801 88 HOK 90     46.30           1           1           0
tan0801 88 HOK 86     46.30           2           2           0
tan0801 88 HOK 83     46.30           3           3           0
tan0801 88 HOK 81     46.30           2           2           0
tan0801 88 HOK 80     46.30           3           3           0
tan0801 88 HOK 79     46.30           3           1           2
tan0801 88 HOK 78     46.30           1           0           1
tan0801 88 HOK 77     46.30           1           1           0
tan0801 88 HOK 76     46.30           5           5           0
tan0801 88 HOK 75     46.30           5           3           2
tan0801 88 HOK 74     46.30           6           5           1
tan0801 88 HOK 73     46.30          10           6           4
tan0801 88 HOK 72     46.30           3           2           1
tan0801 88 HOK 71     46.30           7           3           4
tan0801 88 HOK 70     46.30          13          10           3
tan0801 88 HOK 69     46.30          10           6           4
tan0801 88 HOK 68     46.30          14           9           5
tan0801 88 HOK 67     46.30          10           4           6
tan0801 88 HOK 66     46.30           8           4           4
tan0801 88 HOK 65     46.30          18           7          11
tan0801 88 HOK 64     46.30          10           7           3
tan0801 88 HOK 63     46.30           9           4           5
tan0801 88 HOK 62     46.30           4           2           2
tan0801 88 HOK 61     46.30           4           2           2
tan0801 88 HOK 60     46.30           5           2           3
tan0801 88 HOK 59     46.30           2           1           1
tan0801 88 HOK 58     46.30           2           1           1
tan0801 59 HOK 103     42.65           1           1           0
tan0801 59 HOK 97     42.65           1           1           0
tan0801 59 HOK 94     42.65           1           1           0
tan0801 59 HOK 93     42.65           2           2           0
tan0801 59 HOK 89     42.65           1           1           0
tan0801 59 HOK 87     42.65           1           1           0
tan0801 59 HOK 84     42.65           1           1           0
tan0801 59 HOK 82     42.65           1           1           0
tan0801 59 HOK 79     42.65           1           1           0
tan0801 59 HOK 74     42.65           3           2           1
tan0801 59 HOK 73     42.65           3           3           0
tan0801 59 HOK 72     42.65           1           0           1
tan0801 59 HOK 71     42.65           1           1           0
tan0801 59 HOK 70     42.65           2           2           0
tan0801 59 HOK 69     42.65           6           4           2
tan0801 59 HOK 68     42.65           2           1           1
tan0801 59 HOK 67     42.65           1           1           0
tan0801 59 HOK 66     42.65           5           5           0
tan0801 59 HOK 65     42.65          11           7           4
tan0801 59 HOK 64     42.65           5           1           4
tan0801 59 HOK 63     42.65           7           1           6
tan0801 59 HOK 62     42.65           2           2           0
tan0801 59 HOK 61     42.65           5           3           2
tan0801 59 HOK 60     42.65           6           4           2
tan0801 59 HOK 59     42.65           7           5           2
tan0801 59 HOK 58     42.65          15           9           6
tan0801 59 HOK 57     42.65          19          11           8
tan0801 59 HOK 56     42.65          27          20           7
tan0801 59 HOK 55     42.65          14           9           5
tan0801 59 HOK 54     42.65          12           6           6
tan0801 59 HOK 53     42.65           9           4           5
tan0801 59 HOK 52     42.65           5           0           5
tan0801 59 HOK 51     42.65           2           0           2
tan0801 59 HOK 50     42.65           2           1           1
tan0801 59 HOK 48     42.65           1           1           0
tan0801 59 HOK 47     42.65           2           0           2
tan0801 59 HOK 46     42.65           3           2           1
tan0801 59 HOK 44     42.65           1           0           1
tan0801 59 HOK 43     42.65           1           0           1
tan0801 59 HOK 42     42.65           1           1           0
tan0801 59 HOK 40     42.65           1           0           1
tan0801 100 HOK 53     40.62          22           7          15
tan0801 100 HOK 52     40.62          11           2           9
tan0801 100 HOK 51     40.62           9           2           7
tan0801 100 HOK 50     40.62           3           1           2
tan0801 100 HOK 49     40.62           4           1           3
tan0801 100 HOK 48     40.62           6           5           1
tan0801 100 HOK 47     40.62           7           3           4
tan0801 100 HOK 46     40.62          16          10           6
tan0801 100 HOK 45     40.62          10           4           6
tan0801 100 HOK 44     40.62          10           5           5
tan0801 100 HOK 43     40.62           3           2           1
tan0801 100 HOK 42     40.62           4           3           1
tan0801 113 HOK 99    100.00           1           1           0
tan0801 113 HOK 98    100.00           2           2           0
tan0801 113 HOK 97    100.00           1           1           0
tan0801 113 HOK 96    100.00           1           1           0
tan0801 113 HOK 95    100.00           1           1           0
tan0801 113 HOK 93    100.00           2           2           0
tan0801 113 HOK 92    100.00           1           1           0
tan0801 113 HOK 91    100.00           1           1           0
tan0801 113 HOK 90    100.00           2           2           0
tan0801 113 HOK 89    100.00           2           2           0
tan0801 113 HOK 88    100.00           4           4           0
tan0801 113 HOK 87    100.00           3           3           0
tan0801 113 HOK 86    100.00           2           2           0
tan0801 113 HOK 85    100.00           2           1           1
tan0801 113 HOK 84    100.00           3           2           1
tan0801 113 HOK 83    100.00           1           1           0
tan0801 113 HOK 82    100.00           1           1           0
tan0801 113 HOK 81    100.00           1           0           1
tan0801 113 HOK 78    100.00           1           1           0
tan0801 113 HOK 77    100.00           1           1           0
tan0801 91 HOK 38      3.02           1           0           1
tan0801 91 HOK 39      3.02           8           1           7
tan0801 91 HOK 40      3.02          14           5           9
tan0801 91 HOK 41      3.02          23          10          13
tan0801 91 HOK 42      3.02          55          19          36
tan0801 91 HOK 43      3.02          52          23          29
tan0801 91 HOK 44      3.02          34          23          11
tan0801 91 HOK 45      3.02          14           6           8
tan0801 91 HOK 46      3.02          13           7           6
tan0801 91 HOK 48      3.02           1           0           1
tan0801 91 HOK 50      3.02           3           0           3
tan0801 91 HOK 51      3.02           1           0           1
tan0801 91 HOK 52      3.02           4           2           2
tan0801 91 HOK 53      3.02           2           0           2
tan0801 91 HOK 55      3.02           4           2           2
tan0801 91 HOK 59      3.02           3           0           3
tan0801 92 HOK 32     18.73           2           0           2
tan0801 92 HOK 33     18.73           4           3           1
tan0801 92 HOK 34     18.73           6           2           4
tan0801 92 HOK 35     18.73           9           5           4
tan0801 92 HOK 36     18.73          21           8          13
tan0801 92 HOK 37     18.73          19           3          16
tan0801 92 HOK 38     18.73          21           9          12
tan0801 92 HOK 39     18.73          30          11          19
tan0801 92 HOK 40     18.73          35          17          18
tan0801 92 HOK 41     18.73          42          21          21
tan0801 92 HOK 42     18.73          23          14           9
tan0801 92 HOK 43     18.73          21          10          11
tan0801 92 HOK 44     18.73          10           4           6
tan0801 92 HOK 45     18.73          10           7           3
tan0801 92 HOK 46     18.73           5           3           2
tan0801 92 HOK 47     18.73           2           1           1
tan0801 92 HOK 50     18.73           3           1           2
tan0801 92 HOK 51     18.73           1           0           1
tan0801 92 HOK 52     18.73           3           2           1
tan0801 92 HOK 53     18.73           2           0           2
tan0801 92 HOK 54     18.73           2           1           1
tan0801 92 HOK 55     18.73           3           1           2
tan0801 92 HOK 56     18.73           2           2           0
tan0801 92 HOK 68     18.73           1           1           0
tan0801 92 HOK 72     18.73           1           1           0
tan0801 92 HOK 76     18.73           1           1           0
tan0801 93 HOK 31     37.66           1           1           0
tan0801 93 HOK 32     37.66           1           1           0
tan0801 93 HOK 34     37.66           4           3           1
tan0801 93 HOK 35     37.66           2           0           2
tan0801 93 HOK 36     37.66           7           2           5
tan0801 93 HOK 37     37.66          13           6           7
tan0801 93 HOK 38     37.66          15           7           8
tan0801 93 HOK 39     37.66          14           6           8
tan0801 93 HOK 40     37.66          25          11          14
tan0801 93 HOK 41     37.66          12           6           6
tan0801 93 HOK 42     37.66          16           8           8
tan0801 93 HOK 43     37.66           9           3           6
tan0801 93 HOK 44     37.66           7           2           5
tan0801 93 HOK 45     37.66           2           0           2
tan0801 93 HOK 46     37.66           3           3           0
tan0801 93 HOK 47     37.66           2           1           1
tan0801 93 HOK 48     37.66           4           1           3
tan0801 93 HOK 49     37.66           4           2           2
tan0801 93 HOK 50     37.66           1           0           1
tan0801 93 HOK 51     37.66           2           0           2
tan0801 93 HOK 52     37.66           5           2           3
tan0801 93 HOK 53     37.66           5           0           5
tan0801 93 HOK 54     37.66           4           1           3
tan0801 93 HOK 55     37.66           7           3           4
tan0801 93 HOK 56     37.66           4           2           2
tan0801 93 HOK 57     37.66           3           1           2
tan0801 93 HOK 59     37.66           4           1           3
tan0801 93 HOK 61     37.66           2           1           1
tan0801 93 HOK 64     37.66           1           0           1
tan0801 93 HOK 65     37.66           1           0           1
tan0801 93 HOK 66     37.66           2           0           2
tan0801 93 HOK 67     37.66           2           0           2
tan0801 93 HOK 71     37.66           1           0           1
tan0801 94 HOK 39     59.61           1           1           0
tan0801 94 HOK 41     59.61           1           1           0
tan0801 94 HOK 43     59.61           1           1           0
tan0801 94 HOK 44     59.61           1           0           1
tan0801 94 HOK 45     59.61           1           1           0
tan0801 94 HOK 49     59.61           4           2           2
tan0801 94 HOK 50     59.61           7           2           5
tan0801 94 HOK 51     59.61           9           3           6
tan0801 94 HOK 52     59.61          18           8          10
tan0801 94 HOK 53     59.61          13           5           8
tan0801 94 HOK 54     59.61           9           3           6
tan0801 94 HOK 55     59.61          15           7           8
tan0801 94 HOK 56     59.61          12           6           6
tan0801 94 HOK 57     59.61           6           2           4
tan0801 94 HOK 58     59.61           7           2           5
tan0801 94 HOK 59     59.61           6           1           5
tan0801 94 HOK 60     59.61           7           5           2
tan0801 94 HOK 61     59.61           6           1           5
tan0801 94 HOK 62     59.61           9           4           5
tan0801 94 HOK 63     59.61          13           4           9
tan0801 94 HOK 64     59.61           5           1           4
tan0801 94 HOK 65     59.61           5           0           5
tan0801 94 HOK 66     59.61           3           0           3
tan0801 94 HOK 67     59.61           6           2           4
tan0801 94 HOK 68     59.61           6           1           5
tan0801 94 HOK 69     59.61           3           0           3
tan0801 94 HOK 70     59.61           5           2           3
tan0801 94 HOK 71     59.61          11           4           7
tan0801 94 HOK 72     59.61           3           2           1
tan0801 94 HOK 73     59.61           6           1           5
tan0801 94 HOK 74     59.61           2           1           1
tan0801 94 HOK 75     59.61           2           1           1
tan0801 94 HOK 76     59.61           2           2           0
tan0801 94 HOK 77     59.61           1           1           0
tan0801 94 HOK 78     59.61           4           1           3
tan0801 94 HOK 80     59.61           3           1           2
tan0801 94 HOK 81     59.61           2           2           0
tan0801 94 HOK 82     59.61           2           2           0
tan0801 94 HOK 85     59.61           1           1           0
tan0801 94 HOK 87     59.61           1           1           0
tan0801 95 HOK 38     43.37           1           0           1
tan0801 95 HOK 40     43.37           1           0           1
tan0801 95 HOK 41     43.37           1           1           0
tan0801 95 HOK 44     43.37           1           1           0
tan0801 95 HOK 46     43.37           2           0           2
tan0801 95 HOK 49     43.37           1           1           0
tan0801 95 HOK 50     43.37           2           0           2
tan0801 95 HOK 51     43.37          14           1          13
tan0801 95 HOK 52     43.37          11           1          10
tan0801 95 HOK 53     43.37          25           4          21
tan0801 95 HOK 54     43.37          26           7          19
tan0801 95 HOK 55     43.37          23           9          14
tan0801 95 HOK 56     43.37          12           4           8
tan0801 95 HOK 57     43.37          13           5           8
tan0801 95 HOK 58     43.37           5           2           3
tan0801 95 HOK 59     43.37          10           2           8
tan0801 95 HOK 60     43.37          13           5           8
tan0801 95 HOK 61     43.37          10           1           9
tan0801 95 HOK 62     43.37           4           0           4
tan0801 95 HOK 63     43.37           5           3           2
tan0801 95 HOK 64     43.37           3           1           2
tan0801 95 HOK 65     43.37           2           0           2
tan0801 95 HOK 66     43.37           5           1           4
tan0801 95 HOK 67     43.37           3           1           2
tan0801 95 HOK 68     43.37           5           3           2
tan0801 95 HOK 69     43.37           3           1           2
tan0801 95 HOK 70     43.37           3           1           2
tan0801 95 HOK 71     43.37           2           1           1
tan0801 95 HOK 73     43.37           1           0           1
tan0801 95 HOK 74     43.37           2           1           1
tan0801 95 HOK 75     43.37           1           1           0
tan0801 95 HOK 82     43.37           1           1           0
tan0801 95 HOK 85     43.37           1           1           0
tan0801 56 HOK 88    100.00           1           1           0
tan0801 56 HOK 79    100.00           1           0           1
tan0801 56 HOK 78    100.00           1           1           0
tan0801 56 HOK 76    100.00           1           0           1
tan0801 56 HOK 73    100.00           1           1           0
tan0801 56 HOK 72    100.00           1           1           0
tan0801 56 HOK 71    100.00           1           1           0
tan0801 56 HOK 67    100.00           1           0           1
tan0801 56 HOK 66    100.00           1           0           1
tan0801 56 HOK 64    100.00           1           0           1
tan0801 56 HOK 55    100.00           1           1           0
tan0801 98 HOK 39      6.87           5           3           2
tan0801 98 HOK 40      6.87          12           6           6
tan0801 98 HOK 41      6.87          31          17          14
tan0801 98 HOK 42      6.87          38          25          13
tan0801 98 HOK 43      6.87          39          19          20
tan0801 98 HOK 44      6.87          35          14          21
tan0801 98 HOK 45      6.87          12           5           7
tan0801 98 HOK 46      6.87          17          10           7
tan0801 98 HOK 47      6.87           6           2           4
tan0801 98 HOK 48      6.87           2           1           1
tan0801 98 HOK 49      6.87           4           1           3
tan0801 98 HOK 51      6.87           3           0           3
tan0801 98 HOK 52      6.87           8           5           3
tan0801 98 HOK 53      6.87          15          10           5
tan0801 98 HOK 54      6.87          10           7           3
tan0801 98 HOK 55      6.87          11           6           5
tan0801 98 HOK 56      6.87          11           9           2
tan0801 98 HOK 57      6.87           8           5           3
tan0801 98 HOK 58      6.87           8           4           4
tan0801 98 HOK 59      6.87           5           3           2
tan0801 98 HOK 60      6.87           2           0           2
tan0801 98 HOK 62      6.87           3           2           1
tan0801 98 HOK 67      6.87           1           0           1
tan0801 90 HOK 55      7.04          20          10          10
tan0801 90 HOK 54      7.04          17           6          11
tan0801 90 HOK 53      7.04           7           1           6
tan0801 90 HOK 52      7.04           2           0           2
tan0801 90 HOK 51      7.04           2           1           1
tan0801 90 HOK 50      7.04           1           1           0
tan0801 90 HOK 47      7.04           2           1           1
tan0801 90 HOK 46      7.04           1           0           1
tan0801 90 HOK 45      7.04           1           1           0
tan0801 100 HOK 96     40.62           1           1           0
tan0801 100 HOK 84     40.62           1           1           0
tan0801 100 HOK 83     40.62           1           1           0
tan0801 100 HOK 79     40.62           1           1           0
tan0801 100 HOK 76     40.62           1           1           0
tan0801 100 HOK 74     40.62           1           1           0
tan0801 100 HOK 72     40.62           1           1           0
tan0801 100 HOK 71     40.62           2           0           2
tan0801 100 HOK 70     40.62           2           1           1
tan0801 100 HOK 69     40.62           1           0           1
tan0801 100 HOK 68     40.62           1           1           0
tan0801 100 HOK 66     40.62           2           1           1
tan0801 100 HOK 65     40.62           2           1           1
tan0801 100 HOK 64     40.62           4           1           3
tan0801 100 HOK 62     40.62           3           1           2
tan0801 100 HOK 61     40.62           2           0           2
tan0801 100 HOK 60     40.62           3           1           2
tan0801 100 HOK 59     40.62           6           3           3
tan0801 100 HOK 58     40.62          12           4           8
tan0801 100 HOK 57     40.62           9           6           3
tan0801 100 HOK 56     40.62          14           8           6
tan0801 100 HOK 55     40.62          13           7           6
tan0801 100 HOK 54     40.62          22           9          13
tan0801 101 HOK 52     20.25           1           1           0
tan0801 101 HOK 53     20.25           5           3           2
tan0801 101 HOK 54     20.25           6           3           3
tan0801 101 HOK 55     20.25          16           7           9
tan0801 101 HOK 56     20.25          30          21           9
tan0801 101 HOK 57     20.25          47          30          17
tan0801 101 HOK 58     20.25          44          25          19
tan0801 101 HOK 59     20.25          29          18          11
tan0801 101 HOK 60     20.25          18          13           5
tan0801 101 HOK 61     20.25          14           6           8
tan0801 101 HOK 62     20.25          17           7          10
tan0801 101 HOK 63     20.25          14           6           8
tan0801 101 HOK 64     20.25          10           3           7
tan0801 101 HOK 65     20.25           6           4           2
tan0801 101 HOK 66     20.25           3           2           1
tan0801 101 HOK 67     20.25           3           2           1
tan0801 101 HOK 68     20.25           2           2           0
tan0801 101 HOK 69     20.25           3           2           1
tan0801 101 HOK 71     20.25           2           0           1
tan0801 101 HOK 72     20.25           1           1           0
tan0801 101 HOK 84     20.25           1           1           0
tan0801 99 HOK 71     33.33           1           0           1
tan0801 99 HOK 61     33.33           1           0           1
tan0801 99 HOK 56     33.33           1           0           1
tan0801 99 HOK 53     33.33           1           0           1
tan0801 99 HOK 52     33.33           1           0           1
tan0801 99 HOK 48     33.33           2           2           0
tan0801 99 HOK 47     33.33           1           1           0
tan0801 99 HOK 46     33.33           1           0           1
tan0801 99 HOK 45     33.33           3           1           2
tan0801 99 HOK 44     33.33           7           4           3
tan0801 99 HOK 43     33.33           8           2           6
tan0801 99 HOK 42     33.33           3           0           3
tan0801 99 HOK 41     33.33           2           2           0
tan0801 99 HOK 40     33.33           1           0           1
tan0801 99 HOK 39     33.33           2           1           1
tan0801 102 HOK 38     10.33           1           0           1
tan0801 102 HOK 39     10.33           4           2           2
tan0801 102 HOK 40     10.33          14           4          10
tan0801 102 HOK 41     10.33          28          14          13
tan0801 102 HOK 42     10.33          36          21          15
tan0801 102 HOK 43     10.33          40          18          22
tan0801 102 HOK 44     10.33          33          20          13
tan0801 102 HOK 45     10.33          31          15          16
tan0801 102 HOK 46     10.33          14           9           5
tan0801 102 HOK 47     10.33           1           0           1
tan0801 102 HOK 48     10.33           2           2           0
tan0801 102 HOK 52     10.33           3           1           2
tan0801 102 HOK 53     10.33           8           2           6
tan0801 102 HOK 54     10.33           1           0           1
tan0801 102 HOK 55     10.33           3           1           2
tan0801 102 HOK 57     10.33           2           1           1
tan0801 102 HOK 58     10.33           1           0           1
tan0801 102 HOK 59     10.33           3           3           0
tan0801 102 HOK 62     10.33           1           0           1
tan0801 102 HOK 63     10.33           1           0           1
tan0801 102 HOK 64     10.33           1           1           0
tan0801 102 HOK 66     10.33           2           2           0
tan0801 102 HOK 70     10.33           1           1           0
tan0801 102 HOK 75     10.33           1           1           0
tan0801 103 HOK 35     49.00           3           1           2
tan0801 103 HOK 36     49.00           6           2           4
tan0801 103 HOK 37     49.00          28          10          18
tan0801 103 HOK 38     49.00          46          23          23
tan0801 103 HOK 39     49.00          51          18          33
tan0801 103 HOK 40     49.00          32          17          15
tan0801 103 HOK 41     49.00          22          10          12
tan0801 103 HOK 42     49.00          16          10           6
tan0801 103 HOK 43     49.00          11           3           8
tan0801 103 HOK 44     49.00           5           3           2
tan0801 103 HOK 45     49.00           3           2           0
tan0801 103 HOK 47     49.00           1           1           0
tan0801 103 HOK 48     49.00           1           0           1
tan0801 103 HOK 49     49.00           2           0           2
tan0801 103 HOK 50     49.00           2           0           2
tan0801 103 HOK 51     49.00           1           0           1
tan0801 103 HOK 52     49.00           2           0           2
tan0801 103 HOK 53     49.00           4           1           3
tan0801 103 HOK 54     49.00           4           2           2
tan0801 103 HOK 55     49.00           4           0           4
tan0801 103 HOK 56     49.00           4           3           1
tan0801 103 HOK 57     49.00           4           2           2
tan0801 103 HOK 58     49.00           2           2           0
tan0801 103 HOK 59     49.00           3           2           1
tan0801 103 HOK 60     49.00           1           0           1
tan0801 103 HOK 61     49.00           2           0           2
tan0801 103 HOK 62     49.00           4           3           1
tan0801 103 HOK 64     49.00           1           0           1
tan0801 103 HOK 65     49.00           2           0           2
tan0801 103 HOK 66     49.00           3           1           2
tan0801 103 HOK 68     49.00           2           0           2
tan0801 103 HOK 74     49.00           1           0           1
tan0801 104 HOK 39    100.00           2           1           1
tan0801 104 HOK 40    100.00           1           0           1
tan0801 104 HOK 41    100.00           1           0           1
tan0801 104 HOK 42    100.00           1           1           0
tan0801 104 HOK 45    100.00           2           1           1
tan0801 104 HOK 47    100.00           1           1           0
tan0801 104 HOK 48    100.00           1           0           1
tan0801 104 HOK 50    100.00           3           0           3
tan0801 104 HOK 51    100.00           4           0           4
tan0801 104 HOK 52    100.00           6           1           5
tan0801 104 HOK 53    100.00           1           0           1
tan0801 104 HOK 54    100.00           5           5           0
tan0801 104 HOK 55    100.00           6           3           3
tan0801 104 HOK 56    100.00           6           4           2
tan0801 104 HOK 57    100.00           9           6           3
tan0801 104 HOK 58    100.00           4           3           1
tan0801 104 HOK 59    100.00           2           2           0
tan0801 104 HOK 60    100.00           1           1           0
tan0801 104 HOK 61    100.00           1           0           1
tan0801 104 HOK 62    100.00           2           2           0
tan0801 104 HOK 63    100.00           2           1           1
tan0801 104 HOK 64    100.00           2           1           1
tan0801 104 HOK 65    100.00           3           1           2
tan0801 104 HOK 66    100.00           2           1           1
tan0801 104 HOK 67    100.00           1           1           0
tan0801 104 HOK 69    100.00           1           0           1
tan0801 104 HOK 70    100.00           1           0           1
tan0801 104 HOK 72    100.00           1           0           1
tan0801 105 HOK 35    100.00           1           0           1
tan0801 105 HOK 36    100.00           1           0           1
tan0801 105 HOK 37    100.00           1           1           0
tan0801 105 HOK 38    100.00           9           6           3
tan0801 105 HOK 39    100.00           5           2           3
tan0801 105 HOK 40    100.00          10           8           2
tan0801 105 HOK 41    100.00           4           3           1
tan0801 105 HOK 42    100.00           2           2           0
tan0801 105 HOK 43    100.00           2           0           2
tan0801 106 HOK 37      5.00           2           1           1
tan0801 106 HOK 38      5.00          11           6           5
tan0801 106 HOK 39      5.00          22           8          14
tan0801 106 HOK 40      5.00          25          10          15
tan0801 106 HOK 41      5.00          23          10          13
tan0801 106 HOK 42      5.00           8           5           3
tan0801 106 HOK 43      5.00          18          13           5
tan0801 106 HOK 44      5.00           9           7           2
tan0801 106 HOK 45      5.00           5           3           2
tan0801 106 HOK 46      5.00           3           1           2
tan0801 106 HOK 48      5.00           3           2           1
tan0801 106 HOK 52      5.00           1           0           1
tan0801 106 HOK 53      5.00           3           1           2
tan0801 106 HOK 54      5.00           6           1           5
tan0801 106 HOK 55      5.00           5           5           0
tan0801 106 HOK 56      5.00           3           2           1
tan0801 106 HOK 57      5.00           5           2           3
tan0801 106 HOK 58      5.00           6           3           3
tan0801 106 HOK 59      5.00           9           8           1
tan0801 106 HOK 60      5.00           2           0           2
tan0801 106 HOK 61      5.00           1           1           0
tan0801 106 HOK 62      5.00           1           0           1
tan0801 106 HOK 63      5.00           3           2           1
tan0801 106 HOK 64      5.00           1           1           0
tan0801 106 HOK 65      5.00           4           4           0
tan0801 106 HOK 66      5.00           5           2           3
tan0801 106 HOK 67      5.00           4           2           2
tan0801 106 HOK 68      5.00           1           1           0
tan0801 106 HOK 69      5.00           3           2           1
tan0801 106 HOK 72      5.00           1           1           0
tan0801 106 HOK 74      5.00           1           1           0
tan0801 107 HOK 36     73.11           5           1           4
tan0801 107 HOK 37     73.11           5           1           4
tan0801 107 HOK 38     73.11          20          14           6
tan0801 107 HOK 39     73.11          29          11          18
tan0801 107 HOK 40     73.11          26          12          14
tan0801 107 HOK 41     73.11          28          11          17
tan0801 107 HOK 42     73.11          10           4           6
tan0801 107 HOK 43     73.11          13           5           8
tan0801 107 HOK 44     73.11           4           3           1
tan0801 107 HOK 45     73.11           1           1           0
tan0801 107 HOK 46     73.11           4           1           3
tan0801 107 HOK 47     73.11           1           0           1
tan0801 107 HOK 51     73.11           3           2           1
tan0801 107 HOK 52     73.11           1           1           0
tan0801 107 HOK 53     73.11           7           1           6
tan0801 107 HOK 54     73.11           3           0           3
tan0801 107 HOK 56     73.11           2           2           0
tan0801 107 HOK 57     73.11           4           1           3
tan0801 107 HOK 59     73.11           2           2           0
tan0801 107 HOK 60     73.11           1           0           1
tan0801 107 HOK 61     73.11           2           1           1
tan0801 107 HOK 63     73.11           1           0           1
tan0801 107 HOK 64     73.11           2           0           2
tan0801 107 HOK 65     73.11           2           1           1
tan0801 107 HOK 66     73.11           2           1           1
tan0801 107 HOK 67     73.11           1           0           1
tan0801 107 HOK 68     73.11           1           0           1
tan0801 107 HOK 70     73.11           3           1           2
tan0801 107 HOK 71     73.11           4           2           2
tan0801 107 HOK 72     73.11           2           1           1
tan0801 107 HOK 73     73.11           4           2           2
tan0801 107 HOK 76     73.11           1           1           0
tan0801 107 HOK 77     73.11           1           1           0
tan0801 107 HOK 78     73.11           1           0           1
tan0801 107 HOK 80     73.11           1           1           0
tan0801 107 HOK 83     73.11           1           1           0
tan0801 107 HOK 93     73.11           1           1           0
tan0801 111 HOK 100     71.54           1           1           0
tan0801 111 HOK 98     71.54           1           1           0
tan0801 111 HOK 94     71.54           2           2           0
tan0801 111 HOK 93     71.54           2           2           0
tan0801 111 HOK 88     71.54           1           1           0
tan0801 111 HOK 87     71.54           2           2           0
tan0801 111 HOK 86     71.54           2           2           0
tan0801 111 HOK 82     71.54           1           1           0
tan0801 111 HOK 78     71.54           2           2           0
tan0801 111 HOK 77     71.54           1           1           0
tan0801 111 HOK 76     71.54           2           2           0
tan0801 111 HOK 74     71.54           1           1           0
tan0801 111 HOK 73     71.54           2           2           0
tan0801 111 HOK 72     71.54           3           0           3
tan0801 111 HOK 71     71.54           4           2           2
tan0801 111 HOK 70     71.54           5           4           1
tan0801 111 HOK 69     71.54           3           3           0
tan0801 111 HOK 68     71.54           6           3           3
tan0801 111 HOK 67     71.54           4           4           0
tan0801 111 HOK 66     71.54           4           3           1
tan0801 111 HOK 65     71.54           6           3           3
tan0801 111 HOK 64     71.54           6           4           2
tan0801 111 HOK 63     71.54           6           0           6
tan0801 111 HOK 62     71.54           4           0           4
tan0801 111 HOK 61     71.54           8           5           3
tan0801 111 HOK 60     71.54           9           5           4
tan0801 111 HOK 59     71.54          10           6           4
tan0801 111 HOK 58     71.54           9           6           3
tan0801 111 HOK 57     71.54          13           7           6
tan0801 111 HOK 56     71.54           8           4           4
tan0801 111 HOK 55     71.54           1           0           1
tan0801 111 HOK 54     71.54           4           0           4
tan0801 111 HOK 51     71.54           2           0           2
tan0801 111 HOK 48     71.54           3           2           1
tan0801 111 HOK 47     71.54           3           2           1
tan0801 111 HOK 46     71.54           3           2           1
tan0801 111 HOK 45     71.54           8           5           3
tan0801 111 HOK 44     71.54           6           3           3
tan0801 111 HOK 43     71.54          12           5           7
tan0801 111 HOK 42     71.54           9           4           5
tan0801 111 HOK 41     71.54           9           5           4
tan0801 111 HOK 40     71.54           6           2           4
tan0801 111 HOK 39     71.54           6           2           4
tan0801 111 HOK 38     71.54           2           0           2
tan0801 111 HOK 35     71.54           1           1           0
tan0801 111 HOK 34     71.54           1           1           0
tan0801 109 HOK 37    100.00           1           1           0
tan0801 109 HOK 38    100.00           5           0           5
tan0801 109 HOK 39    100.00           9           4           5
tan0801 109 HOK 40    100.00          16          10           6
tan0801 109 HOK 41    100.00          21          13           8
tan0801 109 HOK 42    100.00          12           6           6
tan0801 109 HOK 43    100.00           6           4           2
tan0801 109 HOK 44    100.00           8           4           4
tan0801 109 HOK 45    100.00           3           0           3
tan0801 109 HOK 46    100.00           2           1           1
tan0801 109 HOK 49    100.00           1           1           0
tan0801 109 HOK 50    100.00           1           0           1
tan0801 109 HOK 53    100.00           3           0           3
tan0801 109 HOK 54    100.00           2           0           2
tan0801 109 HOK 55    100.00           5           4           1
tan0801 109 HOK 56    100.00           7           4           3
tan0801 109 HOK 57    100.00           4           4           0
tan0801 109 HOK 58    100.00           7           5           2
tan0801 109 HOK 59    100.00           3           1           2
tan0801 109 HOK 60    100.00           6           0           6
tan0801 109 HOK 61    100.00           4           3           1
tan0801 109 HOK 62    100.00          10           4           6
tan0801 109 HOK 63    100.00           8           2           6
tan0801 109 HOK 64    100.00          10           4           6
tan0801 109 HOK 65    100.00          10           6           4
tan0801 109 HOK 66    100.00           9           5           4
tan0801 109 HOK 67    100.00          18          13           5
tan0801 109 HOK 68    100.00           7           3           4
tan0801 109 HOK 69    100.00           8           3           5
tan0801 109 HOK 70    100.00          10           5           5
tan0801 109 HOK 71    100.00           5           1           4
tan0801 109 HOK 72    100.00           7           2           5
tan0801 109 HOK 73    100.00           1           1           0
tan0801 109 HOK 74    100.00           6           5           1
tan0801 109 HOK 75    100.00           1           0           1
tan0801 109 HOK 76    100.00           1           1           0
tan0801 109 HOK 77    100.00           4           3           1
tan0801 109 HOK 78    100.00           1           1           0
tan0801 109 HOK 80    100.00           2           1           1
tan0801 109 HOK 83    100.00           3           3           0
tan0801 109 HOK 84    100.00           1           1           0
tan0801 109 HOK 93    100.00           1           1           0
tan0801 109 HOK 95    100.00           1           1           0
tan0801 109 HOK 99    100.00           1           1           0
tan0801 110 HOK 36     90.95           1           1           0
tan0801 110 HOK 37     90.95           4           2           1
tan0801 110 HOK 39     90.95           3           0           3
tan0801 110 HOK 40     90.95          10           5           5
tan0801 110 HOK 41     90.95           8           3           5
tan0801 110 HOK 42     90.95          12           9           3
tan0801 110 HOK 43     90.95          10           5           5
tan0801 110 HOK 44     90.95           8           3           5
tan0801 110 HOK 45     90.95           9           5           4
tan0801 110 HOK 46     90.95           2           2           0
tan0801 110 HOK 47     90.95           1           0           1
tan0801 110 HOK 48     90.95           5           3           2
tan0801 110 HOK 49     90.95           2           1           1
tan0801 110 HOK 52     90.95           4           1           3
tan0801 110 HOK 53     90.95           4           1           3
tan0801 110 HOK 54     90.95           7           3           4
tan0801 110 HOK 55     90.95           7           1           6
tan0801 110 HOK 56     90.95          10           3           7
tan0801 110 HOK 57     90.95          14           5           9
tan0801 110 HOK 58     90.95          10           5           5
tan0801 110 HOK 59     90.95          12           4           7
tan0801 110 HOK 60     90.95           9           3           6
tan0801 110 HOK 61     90.95           4           1           3
tan0801 110 HOK 62     90.95          13           2          11
tan0801 110 HOK 63     90.95          15           8           7
tan0801 110 HOK 64     90.95          14           7           7
tan0801 110 HOK 65     90.95          16          11           5
tan0801 110 HOK 66     90.95           7           6           1
tan0801 110 HOK 67     90.95          11           6           5
tan0801 110 HOK 68     90.95           3           2           1
tan0801 110 HOK 69     90.95           3           1           2
tan0801 110 HOK 70     90.95           6           2           4
tan0801 110 HOK 71     90.95           4           1           3
tan0801 110 HOK 72     90.95           7           3           4
tan0801 110 HOK 73     90.95           4           3           1
tan0801 110 HOK 74     90.95           1           0           1
tan0801 110 HOK 75     90.95           6           5           1
tan0801 110 HOK 76     90.95           3           2           1
tan0801 110 HOK 80     90.95           1           1           0
tan0801 110 HOK 81     90.95           1           0           1
tan0801 110 HOK 82     90.95           1           1           0
tan0801 110 HOK 83     90.95           2           2           0
tan0801 110 HOK 85     90.95           2           2           0
tan0801 110 HOK 88     90.95           1           1           0
tan0801 110 HOK 90     90.95           1           1           0
tan0801 110 HOK 93     90.95           1           1           0
tan0801 110 HOK 101     90.95           1           1           0
tan0801 110 HOK 104     90.95           1           1           0
tan0801 110 HOK 105     90.95           1           1           0
tan0801 110 HOK 106     90.95           1           1           0
tan0801 110 HOK 110     90.95           1           1           0
tan0801 108 HOK 58     43.02           1           1           0
tan0801 108 HOK 61     43.02           2           1           1
tan0801 108 HOK 63     43.02           2           1           1
tan0801 108 HOK 64     43.02           4           4           0
tan0801 108 HOK 65     43.02           4           2           2
tan0801 108 HOK 66     43.02           8           4           4
tan0801 108 HOK 67     43.02           7           2           5
tan0801 108 HOK 68     43.02           9           4           5
tan0801 108 HOK 69     43.02          15           6           9
tan0801 108 HOK 70     43.02          10           7           3
tan0801 108 HOK 71     43.02          20          12           8
tan0801 108 HOK 72     43.02           9           6           3
tan0801 108 HOK 73     43.02           8           5           3
tan0801 108 HOK 74     43.02          10           6           4
tan0801 108 HOK 75     43.02          14           9           5
tan0801 108 HOK 76     43.02           9           2           7
tan0801 108 HOK 77     43.02           8           5           3
tan0801 108 HOK 78     43.02           6           6           0
tan0801 108 HOK 79     43.02           6           3           3
tan0801 108 HOK 80     43.02           7           6           1
tan0801 108 HOK 81     43.02           3           2           1
tan0801 108 HOK 82     43.02           3           3           0
tan0801 108 HOK 83     43.02           2           2           0
tan0801 108 HOK 84     43.02           3           0           3
tan0801 108 HOK 85     43.02           1           1           0
tan0801 108 HOK 87     43.02           2           2           0
tan0801 108 HOK 88     43.02           1           1           0
tan0801 108 HOK 94     43.02           1           1           0
tan0801 108 HOK 96     43.02           1           1           0
tan0801 108 HOK 102     43.02           1           1           0
tan0801 112 HOK 89    100.00           2           2           0
tan0801 112 HOK 95    100.00           1           1           0
tan0801 112 HOK 99    100.00           1           1           0
tan0801 90 HOK 81      7.04           1           1           0
tan0801 90 HOK 75      7.04           1           0           1
tan0801 90 HOK 74      7.04           2           2           0
tan0801 90 HOK 73      7.04           1           1           0
tan0801 90 HOK 72      7.04           2           0           2
tan0801 90 HOK 71      7.04           1           0           1
tan0801 90 HOK 70      7.04           4           2           2
tan0801 90 HOK 69      7.04           2           0           2
tan0801 90 HOK 68      7.04           3           3           0
tan0801 90 HOK 67      7.04           3           0           3
tan0801 90 HOK 66      7.04           6           6           0
tan0801 90 HOK 65      7.04           4           2           2
tan0801 90 HOK 64      7.04           3           3           0
tan0801 90 HOK 63      7.04           8           3           5
tan0801 90 HOK 62      7.04           9           3           6
tan0801 90 HOK 61      7.04          10           5           5
tan0801 90 HOK 60      7.04          14           9           5
tan0801 90 HOK 59      7.04          15          10           5
tan0801 90 HOK 58      7.04          20          12           8
tan0801 90 HOK 57      7.04          31          22           9
tan0801 90 HOK 56      7.04          22           9          13
tan0801 114 HOK 73    100.00           4           2           2
tan0801 114 HOK 75    100.00           3           3           0
tan0801 114 HOK 76    100.00           1           0           1
tan0801 114 HOK 77    100.00           4           3           1
tan0801 114 HOK 78    100.00           3           3           0
tan0801 114 HOK 79    100.00           2           2           0
tan0801 114 HOK 80    100.00           3           3           0
tan0801 114 HOK 82    100.00           1           1           0
tan0801 114 HOK 83    100.00           8           7           1
tan0801 114 HOK 84    100.00           1           1           0
tan0801 114 HOK 85    100.00           4           4           0
tan0801 114 HOK 86    100.00           4           4           0
tan0801 114 HOK 87    100.00           1           1           0
tan0801 114 HOK 88    100.00           1           1           0
tan0801 114 HOK 89    100.00           2           2           0
tan0801 114 HOK 90    100.00           3           3           0
tan0801 114 HOK 92    100.00           1           1           0
tan0801 114 HOK 93    100.00           3           3           0
tan0801 114 HOK 95    100.00           2           2           0
tan0801 114 HOK 97    100.00           1           1           0
tan0801 114 HOK 104    100.00           1           1           0
tan0801 115 HOK 74    100.00           1           0           1
tan0801 115 HOK 76    100.00           1           1           0
tan0801 115 HOK 78    100.00           2           2           0
tan0801 115 HOK 80    100.00           1           1           0
tan0801 115 HOK 81    100.00           2           1           1
tan0801 115 HOK 82    100.00           1           1           0
tan0801 115 HOK 83    100.00           2           2           0
tan0801 115 HOK 84    100.00           2           2           0
tan0801 115 HOK 85    100.00           4           3           1
tan0801 115 HOK 86    100.00           1           0           1
tan0801 115 HOK 87    100.00           1           1           0
tan0801 115 HOK 88    100.00           2           2           0
tan0801 115 HOK 89    100.00           1           1           0
tan0801 115 HOK 91    100.00           1           1           0
tan0801 115 HOK 92    100.00           1           1           0
tan0801 115 HOK 93    100.00           1           1           0
tan0801 115 HOK 94    100.00           1           1           0
tan0801 115 HOK 98    100.00           1           1           0
tan0801 115 HOK 99    100.00           1           1           0
tan0801 115 HOK 106    100.00           1           1           0
(3303 rows)
